"","Package","LibPath","Version","Priority","Depends","Imports","LinkingTo","Suggests","Enhances","License","License_is_FOSS","License_restricts_use","OS_type","MD5sum","NeedsCompilation","Built"
"AnnotationDbi","AnnotationDbi","/opt/conda/lib/R/library","1.60.2",NA,"R (>= 2.7.0), methods, utils, stats4, BiocGenerics (>=
0.29.2), Biobase (>= 1.17.0), IRanges","DBI, RSQLite, S4Vectors (>= 0.9.25), stats, KEGGREST",NA,"hgu95av2.db, GO.db, org.Sc.sgd.db, org.At.tair.db, RUnit,
TxDb.Hsapiens.UCSC.hg19.knownGene, org.Hs.eg.db, reactome.db,
AnnotationForge, graph, EnsDb.Hsapiens.v75, BiocStyle, knitr",NA,"Artistic-2.0",NA,NA,NA,NA,"no","4.2.2"
"ape","ape","/opt/conda/lib/R/library","5.7-1",NA,"R (>= 3.2.0)","nlme, lattice, graphics, methods, stats, utils, parallel, Rcpp
(>= 0.12.0), digest","Rcpp","gee, expm, igraph, phangorn",NA,"GPL-2 | GPL-3",NA,NA,NA,NA,"yes","4.2.2"
"aplot","aplot","/opt/conda/lib/R/library","0.2.2",NA,"R (>= 4.1.0)","ggfun (>= 0.1.3), ggplot2, ggplotify, patchwork, magrittr,
methods, utils",NA,"ggtree",NA,"Artistic-2.0",NA,NA,NA,NA,"no","4.2.2"
"askpass","askpass","/opt/conda/lib/R/library","1.1",NA,NA,"sys (>= 2.1)",NA,"testthat",NA,"MIT + file LICENSE",NA,NA,NA,NA,"yes","4.2.1"
"assertthat","assertthat","/opt/conda/lib/R/library","0.2.1",NA,NA,"tools",NA,"testthat, covr",NA,"GPL-3",NA,NA,NA,NA,"no","4.2.1"
"backports","backports","/opt/conda/lib/R/library","1.4.1",NA,"R (>= 3.0.0)",NA,NA,NA,NA,"GPL-2 | GPL-3",NA,NA,NA,NA,"yes","4.2.1"
"base","base","/opt/conda/lib/R/library","4.2.2","base",NA,NA,NA,"methods",NA,"Part of R 4.2.2",NA,NA,NA,NA,NA,"4.2.2"
"base64enc","base64enc","/opt/conda/lib/R/library","0.1-3",NA,"R (>= 2.9.0)",NA,NA,NA,"png","GPL-2 | GPL-3",NA,NA,NA,NA,"yes","4.2.1"
"BH","BH","/opt/conda/lib/R/library","1.81.0-1",NA,NA,NA,NA,NA,NA,"BSL-1.0",NA,NA,NA,NA,"no","4.2.2"
"Biobase","Biobase","/opt/conda/lib/R/library","2.58.0",NA,"R (>= 2.10), BiocGenerics (>= 0.27.1), utils","methods",NA,"tools, tkWidgets, ALL, RUnit, golubEsets, BiocStyle, knitr",NA,"Artistic-2.0",NA,NA,NA,NA,"yes","4.2.2"
"BiocGenerics","BiocGenerics","/opt/conda/lib/R/library","0.44.0",NA,"R (>= 4.0.0), methods, utils, graphics, stats","methods, utils, graphics, stats",NA,"Biobase, S4Vectors, IRanges, GenomicRanges, DelayedArray,
Biostrings, Rsamtools, AnnotationDbi, affy, affyPLM, DESeq2,
flowClust, MSnbase, annotate, RUnit",NA,"Artistic-2.0",NA,NA,NA,NA,"no","4.2.2"
"BiocManager","BiocManager","/opt/conda/lib/R/library","1.30.22",NA,NA,"utils",NA,"BiocVersion, remotes, rmarkdown, testthat, withr, curl, knitr",NA,"Artistic-2.0",NA,NA,NA,NA,"no","4.2.2"
"BiocParallel","BiocParallel","/opt/conda/lib/R/library","1.32.6",NA,"methods, R (>= 3.5.0)","stats, utils, futile.logger, parallel, snow, codetools","BH, cpp11","BiocGenerics, tools, foreach, BatchJobs, BBmisc, doParallel,
Rmpi, GenomicRanges, RNAseqData.HNRNPC.bam.chr14,
TxDb.Hsapiens.UCSC.hg19.knownGene, VariantAnnotation,
Rsamtools, GenomicAlignments, ShortRead, RUnit, BiocStyle,
knitr, batchtools, data.table",NA,"GPL-2 | GPL-3",NA,NA,NA,NA,"yes","4.2.2"
"BiocVersion","BiocVersion","/opt/conda/lib/R/library","3.16.0",NA,"R (>= 4.2.0)",NA,NA,NA,NA,"Artistic-2.0",NA,NA,NA,NA,"no","4.2.2"
"Biostrings","Biostrings","/opt/conda/lib/R/library","2.66.0",NA,"R (>= 4.0.0), methods, BiocGenerics (>= 0.37.0), S4Vectors (>=
0.27.12), IRanges (>= 2.31.2), XVector (>= 0.37.1),
GenomeInfoDb","methods, utils, grDevices, graphics, stats, crayon","S4Vectors, IRanges, XVector","BSgenome (>= 1.13.14), BSgenome.Celegans.UCSC.ce2 (>=
1.3.11), BSgenome.Dmelanogaster.UCSC.dm3 (>= 1.3.11),
BSgenome.Hsapiens.UCSC.hg18, drosophila2probe, hgu95av2probe,
hgu133aprobe, GenomicFeatures (>= 1.3.14), hgu95av2cdf, affy
(>= 1.41.3), affydata (>= 1.11.5), RUnit","Rmpi","Artistic-2.0",NA,NA,NA,NA,"yes","4.2.2"
"bit","bit","/opt/conda/lib/R/library","4.0.5",NA,"R (>= 2.9.2)",NA,NA,"testthat (>= 0.11.0), roxygen2, knitr, rmarkdown,
microbenchmark, bit64 (>= 4.0.0), ff (>= 4.0.0)",NA,"GPL-2 | GPL-3",NA,NA,NA,NA,"yes","4.2.2"
"bit64","bit64","/opt/conda/lib/R/library","4.0.5",NA,"R (>= 3.0.1), bit (>= 4.0.0), utils, methods, stats",NA,NA,NA,NA,"GPL-2 | GPL-3",NA,NA,NA,NA,"yes","4.2.1"
"bitops","bitops","/opt/conda/lib/R/library","1.0-7",NA,NA,NA,NA,NA,NA,"GPL (>= 2)",NA,NA,NA,NA,"yes","4.2.1"
"blob","blob","/opt/conda/lib/R/library","1.2.3",NA,NA,"methods, rlang, vctrs (>= 0.2.1)",NA,"covr, crayon, pillar (>= 1.2.1), testthat",NA,"MIT + file LICENSE",NA,NA,NA,NA,"no","4.2.1"
"brew","brew","/opt/conda/lib/R/library","1.0-8",NA,NA,NA,NA,"testthat (>= 3.0.0)",NA,"GPL-2",NA,NA,NA,NA,"no","4.2.1"
"brio","brio","/opt/conda/lib/R/library","1.1.3",NA,NA,NA,NA,"covr, testthat (>= 2.1.0)",NA,"MIT + file LICENSE",NA,NA,NA,NA,"yes","4.2.1"
"broom","broom","/opt/conda/lib/R/library","1.0.1",NA,"R (>= 3.1)","backports, dplyr (>= 1.0.0), ellipsis, generics (>= 0.0.2),
glue, purrr, rlang, stringr, tibble (>= 3.0.0), tidyr (>=
1.0.0), ggplot2",NA,"AER, AUC, bbmle, betareg, biglm, binGroup, boot, btergm (>=
1.10.6), car, carData, caret, cluster, cmprsk, coda, covr, drc,
e1071, emmeans, epiR, ergm (>= 3.10.4), fixest (>= 0.9.0), gam
(>= 1.15), gee, geepack, glmnet, glmnetUtils, gmm, Hmisc,
irlba, interp, joineRML, Kendall, knitr, ks, Lahman, lavaan,
leaps, lfe, lm.beta, lme4, lmodel2, lmtest (>= 0.9.38),
lsmeans, maps, maptools, margins, MASS, mclust, mediation,
metafor, mfx, mgcv, mlogit, modeldata, modeltests, muhaz,
multcomp, network, nnet, orcutt (>= 2.2), ordinal, plm, poLCA,
psych, quantreg, rgeos, rmarkdown, robust, robustbase, rsample,
sandwich, sp, spdep (>= 1.1), spatialreg, speedglm, spelling,
survey, survival, systemfit, testthat (>= 2.1.0), tseries,
vars, zoo",NA,"MIT + file LICENSE",NA,NA,NA,NA,"no","4.2.1"
"bslib","bslib","/opt/conda/lib/R/library","0.4.1",NA,"R (>= 2.10)","grDevices, htmltools (>= 0.5.2), jsonlite, sass (>= 0.4.0),
jquerylib (>= 0.1.3), rlang, cachem, memoise (>= 2.0.1)",NA,"shiny (>= 1.6.0), rmarkdown (>= 2.7), thematic, knitr,
testthat, withr, rappdirs, curl, magrittr",NA,"MIT + file LICENSE",NA,NA,NA,NA,"no","4.2.1"
"cachem","cachem","/opt/conda/lib/R/library","1.0.6",NA,NA,"rlang, fastmap",NA,"testthat",NA,"MIT + file LICENSE",NA,NA,NA,NA,"yes","4.2.1"
"callr","callr","/opt/conda/lib/R/library","3.7.3",NA,"R (>= 3.4)","processx (>= 3.6.1), R6, utils",NA,"asciicast, cli (>= 1.1.0), covr, mockery, ps, rprojroot,
spelling, testthat (>= 3.0.0), withr (>= 2.3.0)",NA,"MIT + file LICENSE",NA,NA,NA,NA,"no","4.2.1"
"caret","caret","/opt/conda/lib/R/library","6.0-93",NA,"ggplot2, lattice (>= 0.20), R (>= 3.2.0)","e1071, foreach, grDevices, methods, ModelMetrics (>= 1.2.2.2),
nlme, plyr, pROC, recipes (>= 0.1.10), reshape2, stats, stats4,
utils, withr (>= 2.0.0)",NA,"BradleyTerry2, covr, Cubist, dplyr, earth (>= 2.2-3),
ellipse, fastICA, gam (>= 1.15), ipred, kernlab, klaR, knitr,
MASS, Matrix, mda, mgcv, mlbench, MLmetrics, nnet, pamr, party
(>= 0.9-99992), pls, proxy, randomForest, RANN, rmarkdown,
rpart, spls, subselect, superpc, testthat (>= 0.9.1), themis
(>= 0.1.3)",NA,"GPL (>= 2)",NA,NA,NA,NA,"yes","4.2.1"
"cellranger","cellranger","/opt/conda/lib/R/library","1.1.0",NA,"R (>= 3.0.0)","rematch, tibble",NA,"covr, testthat (>= 1.0.0), knitr, rmarkdown",NA,"MIT + file LICENSE",NA,NA,NA,NA,"no","4.2.1"
"class","class","/opt/conda/lib/R/library","7.3-20","recommended","R (>= 3.0.0), stats, utils","MASS",NA,NA,NA,"GPL-2 | GPL-3",NA,NA,NA,NA,"yes","4.2.1"
"cli","cli","/opt/conda/lib/R/library","3.4.1",NA,"R (>= 3.4)","utils",NA,"callr, covr, digest, glue (>= 1.6.0), grDevices, htmltools,
htmlwidgets, knitr, methods, mockery, processx, ps (>=
1.3.4.9000), rlang (>= 1.0.2.9003), rmarkdown, rprojroot,
rstudioapi, testthat, tibble, whoami, withr",NA,"MIT + file LICENSE",NA,NA,NA,NA,"yes","4.2.1"
"clipr","clipr","/opt/conda/lib/R/library","0.8.0",NA,NA,"utils",NA,"covr, knitr, rmarkdown, rstudioapi (>= 0.5), testthat (>=
2.0.0)",NA,"GPL-3",NA,NA,NA,NA,"no","4.2.1"
"clock","clock","/opt/conda/lib/R/library","0.6.1",NA,"R (>= 3.4)","rlang (>= 1.0.4), tzdb (>= 0.3.0), vctrs (>= 0.4.1)","cpp11 (>= 0.4.2), tzdb (>= 0.3.0)","covr, knitr, magrittr, pillar, rmarkdown, testthat (>=
3.0.0), withr",NA,"MIT + file LICENSE",NA,NA,NA,NA,"yes","4.2.1"
"clusterProfiler","clusterProfiler","/opt/conda/lib/R/library","4.6.2",NA,"R (>= 3.5.0)","AnnotationDbi, downloader, DOSE (>= 3.23.2), dplyr, enrichplot
(>= 1.9.3), GO.db, GOSemSim, gson (>= 0.0.7), magrittr,
methods, plyr, qvalue, rlang, stats, tidyr, utils, yulab.utils",NA,"AnnotationHub, knitr, rmarkdown, org.Hs.eg.db, prettydoc,
ReactomePA, testthat",NA,"Artistic-2.0",NA,NA,NA,NA,"no","4.2.2"
"codetools","codetools","/opt/conda/lib/R/library","0.2-18","recommended","R (>= 2.1)",NA,NA,NA,NA,"GPL",NA,NA,NA,NA,"no","4.2.1"
"colorspace","colorspace","/opt/conda/lib/R/library","2.0-3",NA,"R (>= 3.0.0), methods","graphics, grDevices, stats",NA,"datasets, utils, KernSmooth, MASS, kernlab, mvtnorm, vcd,
tcltk, shiny, shinyjs, ggplot2, dplyr, scales, grid, png, jpeg,
knitr, rmarkdown, RColorBrewer, rcartocolor, scico, viridis,
wesanderson",NA,"BSD_3_clause + file LICENSE",NA,NA,NA,NA,"yes","4.2.1"
"commonmark","commonmark","/opt/conda/lib/R/library","1.8.1",NA,NA,NA,NA,"curl, testthat, xml2",NA,"BSD_2_clause + file LICENSE",NA,NA,NA,NA,"yes","4.2.1"
"compiler","compiler","/opt/conda/lib/R/library","4.2.2","base",NA,NA,NA,NA,NA,"Part of R 4.2.2",NA,NA,NA,NA,NA,"4.2.2"
"conflicted","conflicted","/opt/conda/lib/R/library","1.1.0",NA,"R (>= 3.2)","memoise, rlang (>= 0.3.4)",NA,"callr, crayon, dplyr, Matrix, methods, pkgload, testthat (>=
3.0.0)",NA,"MIT + file LICENSE",NA,NA,NA,NA,"no","4.2.1"
"cowplot","cowplot","/opt/conda/lib/R/library","1.1.1",NA,"R (>= 3.5.0)","ggplot2 (> 2.2.1), grid, gtable, grDevices, methods, rlang,
scales",NA,"Cairo, covr, dplyr, forcats, gridGraphics (>= 0.4-0), knitr,
lattice, magick, maps, PASWR, patchwork, rmarkdown, ragg,
testthat (>= 1.0.0), tidyr, vdiffr (>= 0.3.0), VennDiagram",NA,"GPL-2",NA,NA,NA,NA,"no","4.2.2"
"cpp11","cpp11","/opt/conda/lib/R/library","0.4.3",NA,NA,NA,NA,"bench, brio, callr, cli, covr, decor, desc, ggplot2, glue,
knitr, lobstr, mockery, progress, rmarkdown, scales, Rcpp,
testthat, tibble, utils, vctrs, withr",NA,"MIT + file LICENSE",NA,NA,NA,NA,"no","4.2.1"
"crayon","crayon","/opt/conda/lib/R/library","1.5.2",NA,NA,"grDevices, methods, utils",NA,"mockery, rstudioapi, testthat, withr",NA,"MIT + file LICENSE",NA,NA,NA,NA,"no","4.2.1"
"credentials","credentials","/opt/conda/lib/R/library","1.3.2",NA,NA,"openssl (>= 1.3), sys (>= 2.1), curl, jsonlite, askpass",NA,"testthat, knitr, rmarkdown",NA,"MIT + file LICENSE",NA,NA,NA,NA,"no","4.2.1"
"crosstalk","crosstalk","/opt/conda/lib/R/library","1.2.1",NA,NA,"htmltools (>= 0.3.6), jsonlite, lazyeval, R6",NA,"shiny, ggplot2, testthat (>= 2.1.0), sass, bslib",NA,"MIT + file LICENSE",NA,NA,NA,NA,"no","4.2.2"
"curl","curl","/opt/conda/lib/R/library","4.3.3",NA,"R (>= 3.0.0)",NA,NA,"spelling, testthat (>= 1.0.0), knitr, jsonlite, rmarkdown,
magrittr, httpuv (>= 1.4.4), webutils",NA,"MIT + file LICENSE",NA,NA,NA,NA,"yes","4.2.1"
"data.table","data.table","/opt/conda/lib/R/library","1.14.6",NA,"R (>= 3.1.0)","methods",NA,"bit64 (>= 4.0.0), bit (>= 4.0.4), curl, R.utils, xts,
nanotime, zoo (>= 1.8-1), yaml, knitr, rmarkdown",NA,"MPL-2.0 | file LICENSE",NA,NA,NA,NA,"yes","4.2.2"
"datasets","datasets","/opt/conda/lib/R/library","4.2.2","base",NA,NA,NA,NA,NA,"Part of R 4.2.2",NA,NA,NA,NA,NA,"4.2.2"
"DBI","DBI","/opt/conda/lib/R/library","1.1.3",NA,"methods, R (>= 3.0.0)",NA,NA,"blob, covr, DBItest, dbplyr, downlit, dplyr, glue, hms,
knitr, magrittr, RMariaDB, rmarkdown, rprojroot, RSQLite (>=
1.1-2), testthat, xml2",NA,"LGPL (>= 2.1)",NA,NA,NA,NA,"no","4.2.1"
"dbplyr","dbplyr","/opt/conda/lib/R/library","2.2.1",NA,"R (>= 3.1)","assertthat (>= 0.2.0), blob (>= 1.2.0), cli (>= 3.3.0), DBI
(>= 1.0.0), dplyr (>= 1.0.9), glue (>= 1.2.0), lifecycle (>=
1.0.0), magrittr, methods, pillar (>= 1.5.0), purrr (>= 0.2.5),
R6 (>= 2.2.2), rlang (>= 1.0.0), tibble (>= 1.4.2), tidyselect
(>= 0.2.4), utils, vctrs (>= 0.4.1), withr",NA,"bit64, covr, knitr, Lahman, nycflights13, odbc, RMariaDB (>=
1.0.2), rmarkdown, RPostgres (>= 1.1.3), RPostgreSQL, RSQLite
(>= 2.1.0), testthat (>= 3.0.2), tidyr (>= 1.2.0)",NA,"MIT + file LICENSE",NA,NA,NA,NA,"no","4.2.1"
"desc","desc","/opt/conda/lib/R/library","1.4.2",NA,"R (>= 3.4)","cli, R6, rprojroot, utils",NA,"callr, covr, gh, spelling, testthat, whoami, withr",NA,"MIT + file LICENSE",NA,NA,NA,NA,"no","4.2.1"
"devtools","devtools","/opt/conda/lib/R/library","2.4.5",NA,"R (>= 3.0.2), usethis (>= 2.1.6)","cli (>= 3.3.0), desc (>= 1.4.1), ellipsis (>= 0.3.2), fs (>=
1.5.2), lifecycle (>= 1.0.1), memoise (>= 2.0.1), miniUI (>=
0.1.1.1), pkgbuild (>= 1.3.1), pkgdown (>= 2.0.6), pkgload (>=
1.3.0), profvis (>= 0.3.7), rcmdcheck (>= 1.4.0), remotes (>=
2.4.2), rlang (>= 1.0.4), roxygen2 (>= 7.2.1), rversions (>=
2.1.1), sessioninfo (>= 1.2.2), stats, testthat (>= 3.1.5),
tools, urlchecker (>= 1.0.1), utils, withr (>= 2.5.0)",NA,"BiocManager (>= 1.30.18), callr (>= 3.7.1), covr (>= 3.5.1),
curl (>= 4.3.2), digest (>= 0.6.29), DT (>= 0.23), foghorn (>=
1.4.2), gh (>= 1.3.0), gmailr (>= 1.0.1), httr (>= 1.4.3),
knitr (>= 1.39), lintr (>= 3.0.0), MASS, mockery (>= 0.4.3),
pingr (>= 2.0.1), rhub (>= 1.1.1), rmarkdown (>= 2.14),
rstudioapi (>= 0.13), spelling (>= 2.2)",NA,"MIT + file LICENSE",NA,NA,NA,NA,"no","4.2.1"
"dials","dials","/opt/conda/lib/R/library","1.1.0",NA,"R (>= 3.4), scales","cli, DiceDesign, dplyr (>= 0.8.5), glue, hardhat (>= 1.1.0),
lifecycle, pillar, purrr, rlang (>= 1.0.1), tibble, utils,
vctrs (>= 0.3.8), withr",NA,"covr, kernlab, knitr, rmarkdown, rpart, testthat (>= 3.0.0),
xml2",NA,"MIT + file LICENSE",NA,NA,NA,NA,"no","4.2.1"
"DiceDesign","DiceDesign","/opt/conda/lib/R/library","1.9",NA,"R (>= 2.10)",NA,NA,"rgl, randtoolbox, lattice",NA,"GPL-3",NA,NA,NA,NA,"yes","4.2.1"
"diffobj","diffobj","/opt/conda/lib/R/library","0.3.5",NA,"R (>= 3.1.0)","crayon (>= 1.3.2), tools, methods, utils, stats",NA,"knitr, rmarkdown",NA,"GPL-2 | GPL-3",NA,NA,NA,NA,"yes","4.2.1"
"digest","digest","/opt/conda/lib/R/library","0.6.30",NA,"R (>= 3.3.0)","utils",NA,"tinytest, simplermarkdown",NA,"GPL (>= 2)",NA,NA,NA,NA,"yes","4.2.1"
"DOSE","DOSE","/opt/conda/lib/R/library","3.24.2",NA,"R (>= 3.5.0)","AnnotationDbi, HDO.db, BiocParallel, fgsea, ggplot2, GOSemSim
(>= 2.23.1), methods, qvalue, reshape2, stats, utils",NA,"prettydoc, clusterProfiler, gson (>= 0.0.5), knitr,
rmarkdown, org.Hs.eg.db, testthat",NA,"Artistic-2.0",NA,NA,NA,NA,"no","4.2.2"
"downlit","downlit","/opt/conda/lib/R/library","0.4.2",NA,"R (>= 3.4.0)","brio, desc, digest, evaluate, fansi, memoise, rlang, vctrs,
withr, yaml",NA,"covr, htmltools, jsonlite, MASS, MassSpecWavelet, pkgload,
rmarkdown, testthat (>= 3.0.0), xml2",NA,"MIT + file LICENSE",NA,NA,NA,NA,"no","4.2.1"
"downloader","downloader","/opt/conda/lib/R/library","0.4",NA,NA,"utils, digest",NA,"testthat",NA,"GPL-2",NA,NA,NA,NA,"no","4.2.2"
"dplyr","dplyr","/opt/conda/lib/R/library","1.0.10",NA,"R (>= 3.4.0)","generics, glue (>= 1.3.2), lifecycle (>= 1.0.1), magrittr (>=
1.5), methods, R6, rlang (>= 1.0.2), tibble (>= 2.1.3),
tidyselect (>= 1.1.1), utils, vctrs (>= 0.4.1), pillar (>=
1.5.1)",NA,"bench, broom, callr, covr, DBI, dbplyr (>= 1.4.3), ggplot2,
knitr, Lahman, lobstr, microbenchmark, nycflights13, purrr,
rmarkdown, RMySQL, RPostgreSQL, RSQLite, testthat (>= 3.1.1),
tidyr, withr",NA,"MIT + file LICENSE",NA,NA,NA,NA,"yes","4.2.1"
"dtplyr","dtplyr","/opt/conda/lib/R/library","1.2.2",NA,"R (>= 3.3)","crayon, data.table (>= 1.13.0), dplyr (>= 1.0.3), ellipsis,
glue, lifecycle, rlang, tibble, tidyselect, vctrs",NA,"bench, covr, knitr, rmarkdown, testthat (>= 3.0.0), tidyr (>=
1.1.0)",NA,"MIT + file LICENSE",NA,NA,NA,NA,"no","4.2.1"
"e1071","e1071","/opt/conda/lib/R/library","1.7-12",NA,NA,"graphics, grDevices, class, stats, methods, utils, proxy",NA,"cluster, mlbench, nnet, randomForest, rpart, SparseM, xtable,
Matrix, MASS, slam",NA,"GPL-2 | GPL-3",NA,NA,NA,NA,"yes","4.2.1"
"ellipsis","ellipsis","/opt/conda/lib/R/library","0.3.2",NA,"R (>= 3.2)","rlang (>= 0.3.0)",NA,"covr, testthat",NA,"MIT + file LICENSE",NA,NA,NA,NA,"yes","4.2.1"
"enrichplot","enrichplot","/opt/conda/lib/R/library","1.18.4",NA,"R (>= 3.5.0)","aplot (>= 0.1.4), DOSE (>= 3.16.0), ggnewscale, ggplot2,
ggraph, graphics, grid, igraph, methods, plyr, purrr,
RColorBrewer, reshape2, rlang, stats, utils, scatterpie,
shadowtext, GOSemSim, magrittr, ggtree, yulab.utils (>= 0.0.4)",NA,"clusterProfiler, dplyr, europepmc, ggupset, knitr, rmarkdown,
org.Hs.eg.db, prettydoc, tibble, tidyr, ggforce, AnnotationDbi,
ggplotify, ggridges, grDevices, gridExtra, ggrepel (>= 0.9.0),
ggstar, treeio, scales, tidytree, ggtreeExtra, tidydr",NA,"Artistic-2.0",NA,NA,NA,NA,"no","4.2.2"
"evaluate","evaluate","/opt/conda/lib/R/library","0.18",NA,"R (>= 3.0.2)","methods",NA,"covr, ggplot2, lattice, testthat",NA,"MIT + file LICENSE",NA,NA,NA,NA,"no","4.2.2"
"fansi","fansi","/opt/conda/lib/R/library","1.0.3",NA,"R (>= 3.1.0)","grDevices, utils",NA,"unitizer, knitr, rmarkdown",NA,"GPL-2 | GPL-3",NA,NA,NA,NA,"yes","4.2.1"
"farver","farver","/opt/conda/lib/R/library","2.1.1",NA,NA,NA,NA,"covr, testthat (>= 3.0.0)",NA,"MIT + file LICENSE",NA,NA,NA,NA,"yes","4.2.1"
"fastmap","fastmap","/opt/conda/lib/R/library","1.1.0",NA,NA,NA,NA,"testthat (>= 2.1.1)",NA,"MIT + file LICENSE",NA,NA,NA,NA,"yes","4.2.1"
"fastmatch","fastmatch","/opt/conda/lib/R/library","1.1-4",NA,"R (>= 2.3.0)",NA,NA,NA,NA,"GPL-2",NA,NA,NA,NA,"yes","4.2.2"
"fgsea","fgsea","/opt/conda/lib/R/library","1.24.0",NA,"R (>= 3.3)","Rcpp, data.table, BiocParallel, stats, ggplot2 (>= 2.2.0),
cowplot, grid, fastmatch, Matrix, utils","Rcpp, BH","testthat, knitr, rmarkdown, reactome.db, AnnotationDbi,
parallel, org.Mm.eg.db, limma, GEOquery, msigdbr, aggregation",NA,"MIT + file LICENCE",NA,NA,NA,NA,"yes","4.2.2"
"fontawesome","fontawesome","/opt/conda/lib/R/library","0.4.0",NA,"R (>= 3.3.0)","rlang (>= 0.4.10), htmltools (>= 0.5.1.1)",NA,"covr, dplyr (>= 1.0.8), knitr (>= 1.31), testthat (>= 3.0.0),
rsvg",NA,"MIT + file LICENSE",NA,NA,NA,NA,"no","4.2.1"
"forcats","forcats","/opt/conda/lib/R/library","0.5.2",NA,"R (>= 3.4)","cli, ellipsis, glue, lifecycle, magrittr, rlang (>= 1.0.0),
tibble, withr",NA,"covr, dplyr, ggplot2, knitr, readr, rmarkdown, testthat (>=
3.0.0)",NA,"MIT + file LICENSE",NA,NA,NA,NA,"no","4.2.1"
"foreach","foreach","/opt/conda/lib/R/library","1.5.2",NA,"R (>= 2.5.0)","codetools, utils, iterators",NA,"randomForest, doMC, doParallel, testthat, knitr, rmarkdown",NA,"Apache License (== 2.0)",NA,NA,NA,NA,"no","4.2.1"
"forecast","forecast","/opt/conda/lib/R/library","8.19",NA,"R (>= 3.5.0),","colorspace, fracdiff, generics (>= 0.1.2), ggplot2 (>= 2.2.1),
graphics, lmtest, magrittr, nnet, parallel, Rcpp (>= 0.11.0),
stats, timeDate, tseries, urca, zoo","Rcpp (>= 0.11.0), RcppArmadillo (>= 0.2.35)","forecTheta, knitr, methods, rmarkdown, rticles, seasonal,
testthat, uroot",NA,"GPL-3",NA,NA,NA,NA,"yes","4.2.2"
"formatR","formatR","/opt/conda/lib/R/library","1.14",NA,"R (>= 3.2.3)",NA,NA,"rstudioapi, shiny, testit, rmarkdown, knitr",NA,"GPL",NA,NA,NA,NA,"no","4.2.2"
"fracdiff","fracdiff","/opt/conda/lib/R/library","1.5-2",NA,NA,"stats",NA,"longmemo, forecast, urca",NA,"GPL (>= 2)",NA,NA,NA,NA,"yes","4.2.1"
"fs","fs","/opt/conda/lib/R/library","1.5.2",NA,"R (>= 3.1)","methods",NA,"testthat, covr, pillar (>= 1.0.0), tibble (>= 1.1.0), crayon,
rmarkdown, knitr, withr, spelling, vctrs (>= 0.3.0)",NA,"MIT + file LICENSE",NA,NA,NA,NA,"yes","4.2.1"
"furrr","furrr","/opt/conda/lib/R/library","0.3.1",NA,"future (>= 1.25.0), R (>= 3.4.0)","globals (>= 0.14.0), lifecycle (>= 1.0.1), purrr (>= 0.3.4),
rlang (>= 1.0.2), vctrs (>= 0.4.1)",NA,"carrier, covr, dplyr (>= 0.7.4), knitr, listenv (>= 0.6.0),
magrittr, rmarkdown, testthat (>= 3.0.0), tidyselect, withr",NA,"MIT + file LICENSE",NA,NA,NA,NA,"no","4.2.1"
"futile.logger","futile.logger","/opt/conda/lib/R/library","1.4.3",NA,"R (>= 3.0.0)","utils, lambda.r (>= 1.1.0), futile.options",NA,"testthat, jsonlite",NA,"LGPL-3",NA,NA,NA,NA,"no","4.2.2"
"futile.options","futile.options","/opt/conda/lib/R/library","1.0.1",NA,"R (>= 2.8.0)",NA,NA,NA,NA,"LGPL-3",NA,NA,NA,NA,"no","4.2.2"
"future","future","/opt/conda/lib/R/library","1.29.0",NA,NA,"digest, globals (>= 0.16.1), listenv (>= 0.8.0), parallel,
parallelly (>= 1.32.1), tools, utils",NA,"methods, RhpcBLASctl, R.rsp, markdown",NA,"LGPL (>= 2.1)",NA,NA,NA,NA,"no","4.2.2"
"future.apply","future.apply","/opt/conda/lib/R/library","1.10.0",NA,"R (>= 3.2.0), future (>= 1.28.0)","globals (>= 0.16.1), parallel, utils",NA,"datasets, stats, tools, listenv (>= 0.8.0), R.rsp, markdown",NA,"GPL (>= 2)",NA,NA,NA,NA,"no","4.2.2"
"gargle","gargle","/opt/conda/lib/R/library","1.2.1",NA,"R (>= 3.5)","cli (>= 3.0.0), fs (>= 1.3.1), glue (>= 1.3.0), httr (>=
1.4.0), jsonlite, rappdirs, rlang (>= 1.0.0), rstudioapi,
stats, utils, withr",NA,"aws.ec2metadata, aws.signature, covr, httpuv, knitr, mockr,
rmarkdown, sodium, spelling, testthat (>= 3.1.2)",NA,"MIT + file LICENSE",NA,NA,NA,NA,"no","4.2.1"
"generics","generics","/opt/conda/lib/R/library","0.1.3",NA,"R (>= 3.2)","methods",NA,"covr, pkgload, testthat (>= 3.0.0), tibble, withr",NA,"MIT + file LICENSE",NA,NA,NA,NA,"no","4.2.1"
"GenomeInfoDb","GenomeInfoDb","/opt/conda/lib/R/library","1.34.9",NA,"R (>= 4.0.0), methods, BiocGenerics (>= 0.37.0), S4Vectors (>=
0.25.12), IRanges (>= 2.13.12)","stats, stats4, utils, RCurl, GenomeInfoDbData",NA,"GenomicRanges, Rsamtools, GenomicAlignments, GenomicFeatures,
TxDb.Dmelanogaster.UCSC.dm3.ensGene, BSgenome,
BSgenome.Scerevisiae.UCSC.sacCer2, BSgenome.Celegans.UCSC.ce2,
BSgenome.Hsapiens.NCBI.GRCh38, RUnit, BiocStyle, knitr",NA,"Artistic-2.0",NA,NA,NA,NA,"no","4.2.2"
"GenomeInfoDbData","GenomeInfoDbData","/opt/conda/lib/R/library","1.2.9",NA,"R (>= 3.5.0)",NA,NA,NA,NA,"Artistic-2.0",NA,NA,NA,NA,"no","4.2.2"
"gert","gert","/opt/conda/lib/R/library","1.5.0",NA,NA,"askpass, credentials (>= 1.2.1), openssl (>= 1.4.1),
rstudioapi (>= 0.11), sys, zip (>= 2.1.0)",NA,"spelling, knitr, rmarkdown, testthat",NA,"MIT + file LICENSE",NA,NA,NA,NA,"yes","4.2.1"
"getopt","getopt","/opt/conda/lib/R/library","1.20.4",NA,NA,"stats",NA,"testthat",NA,"GPL (>= 2)",NA,NA,NA,NA,"no","4.2.2"
"ggforce","ggforce","/opt/conda/lib/R/library","0.4.1",NA,"ggplot2 (>= 3.3.6), R (>= 3.3.0)","Rcpp (>= 0.12.2), grid, scales, MASS, tweenr (>= 0.1.5),
gtable, rlang, polyclip, stats, grDevices, tidyselect, withr,
utils, lifecycle, cli, vctrs, systemfonts","Rcpp, RcppEigen","sessioninfo, concaveman, deldir, latex2exp, reshape2, units
(>= 0.4-6), covr",NA,"MIT + file LICENSE",NA,NA,NA,NA,"yes","4.2.2"
"ggfun","ggfun","/opt/conda/lib/R/library","0.1.3",NA,"R (>= 4.1.0)","cli, ggplot2, grid, rlang, utils",NA,"ggplotify, knitr, rmarkdown, prettydoc, tidyr, ggnewscale",NA,"Artistic-2.0",NA,NA,NA,NA,"no","4.2.2"
"ggnewscale","ggnewscale","/opt/conda/lib/R/library","0.4.9",NA,NA,"ggplot2 (>= 3.0.0)",NA,"testthat, vdiffr, covr",NA,"GPL-3",NA,NA,NA,NA,"no","4.2.2"
"ggplot2","ggplot2","/opt/conda/lib/R/library","3.4.0",NA,"R (>= 3.3)","cli, glue, grDevices, grid, gtable (>= 0.1.1), isoband,
lifecycle (> 1.0.1), MASS, mgcv, rlang (>= 1.0.0), scales (>=
1.2.0), stats, tibble, vctrs (>= 0.5.0), withr (>= 2.5.0)",NA,"covr, dplyr, ggplot2movies, hexbin, Hmisc, knitr, lattice,
mapproj, maps, maptools, multcomp, munsell, nlme, profvis,
quantreg, ragg, RColorBrewer, rgeos, rmarkdown, rpart, sf (>=
0.7-3), svglite (>= 1.2.0.9001), testthat (>= 3.1.2), vdiffr
(>= 1.0.0), xml2","sp","MIT + file LICENSE",NA,NA,NA,NA,"no","4.2.1"
"ggplotify","ggplotify","/opt/conda/lib/R/library","0.1.2",NA,"R (>= 3.4.0)","ggplot2, graphics, grDevices, grid, gridGraphics, yulab.utils",NA,"aplot, colorspace, cowplot, ggimage, knitr, rmarkdown,
lattice, prettydoc, vcd, utils",NA,"Artistic-2.0",NA,NA,NA,NA,"no","4.2.2"
"ggraph","ggraph","/opt/conda/lib/R/library","2.1.0",NA,"R (>= 2.10), ggplot2 (>= 3.0.0)","Rcpp (>= 0.12.2), dplyr, ggforce (>= 0.3.1), grid, igraph (>=
1.0.0), scales, MASS, digest, gtable, ggrepel, utils, stats,
viridis, rlang, tidygraph, graphlayouts (>= 0.5.0), withr, cli,
vctrs, lifecycle","Rcpp","network, knitr, rmarkdown, purrr, tibble, seriation, deldir,
gganimate, covr",NA,"MIT + file LICENSE",NA,NA,NA,NA,"yes","4.2.2"
"ggrepel","ggrepel","/opt/conda/lib/R/library","0.9.4",NA,"R (>= 3.0.0), ggplot2 (>= 2.2.0)","grid, Rcpp, rlang (>= 0.3.0), scales (>= 0.5.0), withr (>=
2.5.0)","Rcpp","knitr, rmarkdown, testthat, svglite, vdiffr, gridExtra,
devtools, prettydoc, ggbeeswarm, dplyr, magrittr, readr,
stringr",NA,"GPL-3 | file LICENSE",NA,NA,NA,NA,"yes","4.2.2"
"ggtree","ggtree","/opt/conda/lib/R/library","3.6.2",NA,"R (>= 3.5.0)","ape, aplot, dplyr, ggplot2 (> 3.3.6), grid, magrittr, methods,
purrr, rlang, ggfun (>= 0.0.6), yulab.utils, tidyr, tidytree
(>= 0.3.9), treeio (>= 1.8.0), utils, scales, stats, cli",NA,"emojifont, ggimage, ggplotify, shadowtext, grDevices, knitr,
prettydoc, rmarkdown, testthat, tibble, glue",NA,"Artistic-2.0",NA,NA,NA,NA,"no","4.2.2"
"gh","gh","/opt/conda/lib/R/library","1.3.1",NA,"R (>= 3.4)","cli (>= 3.0.1), gitcreds, httr (>= 1.2), ini, jsonlite",NA,"covr, knitr, mockery, rmarkdown, rprojroot, spelling,
testthat (>= 3.0.0), withr",NA,"MIT + file LICENSE",NA,NA,NA,NA,"no","4.2.1"
"gitcreds","gitcreds","/opt/conda/lib/R/library","0.1.2",NA,"R (>= 3.4)",NA,NA,"codetools, covr, knitr, mockery, oskeyring, rmarkdown,
testthat (>= 3.0.0), withr",NA,"MIT + file LICENSE",NA,NA,NA,NA,"no","4.2.1"
"globals","globals","/opt/conda/lib/R/library","0.16.2",NA,"R (>= 3.1.2)","codetools",NA,NA,NA,"LGPL (>= 2.1)",NA,NA,NA,NA,"no","4.2.2"
"glue","glue","/opt/conda/lib/R/library","1.6.2",NA,"R (>= 3.4)","methods",NA,"covr, crayon, DBI, dplyr, forcats, ggplot2, knitr, magrittr,
microbenchmark, R.utils, rmarkdown, rprintf, RSQLite, stringr,
testthat (>= 3.0.0), vctrs (>= 0.3.0), waldo (>= 0.3.0), withr",NA,"MIT + file LICENSE",NA,NA,NA,NA,"yes","4.2.1"
"GO.db","GO.db","/opt/conda/lib/R/library","3.16.0",NA,"R (>= 2.7.0), methods, AnnotationDbi (>= 1.59.1)",NA,NA,"DBI",NA,"Artistic-2.0",NA,NA,NA,NA,"no","4.2.2"
"googledrive","googledrive","/opt/conda/lib/R/library","2.0.0",NA,"R (>= 3.3)","cli (>= 3.0.0), gargle (>= 1.2.0), glue (>= 1.4.2), httr,
jsonlite, lifecycle, magrittr, pillar, purrr (>= 0.2.3), rlang
(>= 0.4.9), tibble (>= 2.0.0), utils, uuid, vctrs (>= 0.3.0),
withr",NA,"covr, curl, downlit, dplyr (>= 1.0.0), knitr, mockr,
rmarkdown, roxygen2, sodium, spelling, testthat (>= 3.0.0)",NA,"MIT + file LICENSE",NA,NA,NA,NA,"no","4.2.1"
"googlesheets4","googlesheets4","/opt/conda/lib/R/library","1.0.1",NA,"R (>= 3.4)","cellranger, cli (>= 3.0.0), curl, gargle (>= 1.2.0), glue (>=
1.3.0), googledrive (>= 2.0.0), httr, ids, magrittr, methods,
purrr, rematch2, rlang (>= 1.0.2), tibble (>= 2.1.1), utils,
vctrs (>= 0.2.3)",NA,"covr, readr, rmarkdown, sodium, spelling, testthat (>=
3.1.3), withr",NA,"MIT + file LICENSE",NA,NA,NA,NA,"no","4.2.1"
"GOSemSim","GOSemSim","/opt/conda/lib/R/library","2.24.0",NA,"R (>= 3.5.0)","AnnotationDbi, GO.db, methods, utils","Rcpp","AnnotationHub, BiocManager, clusterProfiler, DOSE, knitr,
rmarkdown, org.Hs.eg.db, prettydoc, testthat, ROCR",NA,"Artistic-2.0",NA,NA,NA,NA,"yes","4.2.2"
"gower","gower","/opt/conda/lib/R/library","1.0.0",NA,NA,NA,NA,"tinytest (>= 0.9.3),",NA,"GPL-3",NA,NA,NA,NA,"yes","4.2.1"
"GPfit","GPfit","/opt/conda/lib/R/library","1.0-8",NA,NA,"lhs (>= 0.5), lattice (>= 0.18-8)",NA,"testthat",NA,"GPL-2",NA,NA,NA,NA,"no","4.2.1"
"gprofiler2","gprofiler2","/opt/conda/lib/R/library","0.2.2",NA,"R (>= 3.5)","jsonlite, RCurl, ggplot2, plotly, tidyr (>= 1.0.0), crosstalk,
grDevices, gridExtra, grid, viridisLite, dplyr",NA,"knitr, rmarkdown, prettydoc",NA,"GPL (>= 2)",NA,NA,NA,NA,"no","4.2.2"
"graphics","graphics","/opt/conda/lib/R/library","4.2.2","base",NA,"grDevices",NA,NA,NA,"Part of R 4.2.2",NA,NA,NA,NA,"yes","4.2.2"
"graphlayouts","graphlayouts","/opt/conda/lib/R/library","1.0.2",NA,"R (>= 3.2.0)","igraph, Rcpp","Rcpp, RcppArmadillo","oaqc, testthat, ggraph, ggplot2, knitr, rmarkdown, uwot",NA,"MIT + file LICENSE",NA,NA,NA,NA,"yes","4.2.2"
"grDevices","grDevices","/opt/conda/lib/R/library","4.2.2","base",NA,NA,NA,"KernSmooth",NA,"Part of R 4.2.2",NA,NA,NA,NA,"yes","4.2.2"
"grid","grid","/opt/conda/lib/R/library","4.2.2","base",NA,"grDevices, utils",NA,NA,NA,"Part of R 4.2.2",NA,NA,NA,NA,"yes","4.2.2"
"gridExtra","gridExtra","/opt/conda/lib/R/library","2.3",NA,NA,"gtable, grid, grDevices, graphics, utils",NA,"ggplot2, egg, lattice, knitr, testthat",NA,"GPL (>= 2)",NA,NA,NA,NA,"no","4.2.2"
"gridGraphics","gridGraphics","/opt/conda/lib/R/library","0.5-1",NA,"grid, graphics","grDevices",NA,"magick (>= 1.3), pdftools (>= 1.6)",NA,"GPL (>= 2)",NA,NA,NA,NA,"no","4.2.2"
"gson","gson","/opt/conda/lib/R/library","0.1.0",NA,NA,"jsonlite, methods, rlang, stats, tidyr, utils",NA,NA,NA,"Artistic-2.0",NA,NA,NA,NA,"no","4.2.2"
"gtable","gtable","/opt/conda/lib/R/library","0.3.1",NA,"R (>= 3.0)","grid",NA,"covr, testthat, knitr, rmarkdown, ggplot2, profvis",NA,"MIT + file LICENSE",NA,NA,NA,NA,"no","4.2.1"
"hardhat","hardhat","/opt/conda/lib/R/library","1.2.0",NA,"R (>= 3.4.0)","glue (>= 1.6.2), rlang (>= 1.0.3), tibble (>= 3.1.7), vctrs
(>= 0.4.1)",NA,"covr, crayon, devtools, knitr, Matrix, modeldata (>= 0.0.2),
recipes (>= 0.1.8), rmarkdown (>= 2.3), roxygen2, testthat (>=
3.0.0), usethis (>= 2.1.5)",NA,"MIT + file LICENSE",NA,NA,NA,NA,"no","4.2.1"
"haven","haven","/opt/conda/lib/R/library","2.5.1",NA,"R (>= 3.4)","cli (>= 3.0.0), forcats (>= 0.2.0), hms, lifecycle, methods,
readr (>= 0.1.0), rlang (>= 0.4.0), tibble, tidyselect, vctrs
(>= 0.3.0)","cpp11","covr, crayon, fs, knitr, pillar (>= 1.4.0), rmarkdown,
testthat (>= 3.0.0)",NA,"MIT + file LICENSE",NA,NA,NA,NA,"yes","4.2.1"
"HDO.db","HDO.db","/opt/conda/lib/R/library","0.99.1",NA,"R (>= 4.2.0)","AnnotationDbi, methods, utils",NA,"rmarkdown, knitr, testthat (>= 3.0.0)",NA,"Artistic-2.0",NA,NA,NA,NA,"no","4.2.2"
"hexbin","hexbin","/opt/conda/lib/R/library","1.28.2",NA,"R (>= 2.0.1), methods","lattice, grid, graphics, grDevices, stats, utils",NA,"marray, affy, Biobase, limma, knitr",NA,"GPL-2",NA,NA,NA,NA,"yes","4.2.1"
"highr","highr","/opt/conda/lib/R/library","0.9",NA,"R (>= 3.2.3)","xfun (>= 0.18)",NA,"knitr, markdown, testit",NA,"GPL",NA,NA,NA,NA,"no","4.2.1"
"hms","hms","/opt/conda/lib/R/library","1.1.2",NA,NA,"ellipsis (>= 0.3.2), lifecycle, methods, pkgconfig, rlang,
vctrs (>= 0.3.8)",NA,"crayon, lubridate, pillar (>= 1.1.0), testthat (>= 3.0.0)",NA,"MIT + file LICENSE",NA,NA,NA,NA,"no","4.2.1"
"htmltools","htmltools","/opt/conda/lib/R/library","0.5.3",NA,"R (>= 2.14.1)","utils, digest, grDevices, base64enc, rlang (>= 0.4.10),
fastmap (>= 1.1.0)",NA,"markdown, testthat, withr, Cairo, ragg, shiny","knitr","GPL (>= 2)",NA,NA,NA,NA,"yes","4.2.1"
"htmlwidgets","htmlwidgets","/opt/conda/lib/R/library","1.5.4",NA,NA,"grDevices, htmltools (>= 0.3), jsonlite (>= 0.9.16), yaml",NA,"knitr (>= 1.8), rmarkdown, testthat","shiny (>= 1.1)","MIT + file LICENSE",NA,NA,NA,NA,"no","4.2.1"
"httpuv","httpuv","/opt/conda/lib/R/library","1.6.6",NA,"R (>= 2.15.1)","Rcpp (>= 1.0.7), utils, R6, promises, later (>= 0.8.0)","Rcpp, later","testthat, callr, curl, websocket",NA,"GPL (>= 2) | file LICENSE",NA,NA,NA,NA,"yes","4.2.1"
"httr","httr","/opt/conda/lib/R/library","1.4.4",NA,"R (>= 3.2)","curl (>= 3.0.0), jsonlite, mime, openssl (>= 0.8), R6",NA,"covr, httpuv, jpeg, knitr, png, readr, rmarkdown, testthat
(>= 0.8.0), xml2",NA,"MIT + file LICENSE",NA,NA,NA,NA,"no","4.2.1"
"ids","ids","/opt/conda/lib/R/library","1.0.1",NA,NA,"openssl, uuid",NA,"knitr, rcorpora, rmarkdown, testthat",NA,"MIT + file LICENSE",NA,NA,NA,NA,"no","4.2.1"
"igraph","igraph","/opt/conda/lib/R/library","1.5.1",NA,"methods, R (>= 3.5.0)","cli, graphics, grDevices, lifecycle, magrittr, Matrix,
pkgconfig (>= 2.0.0), rlang, stats, utils","cpp11 (>= 0.2.0)","ape (>= 5.7-0.1), callr, decor, digest, graph, igraphdata,
knitr, rgl, rmarkdown, scales, stats4, tcltk, testthat, vdiffr,
withr",NA,"GPL (>= 2)",NA,NA,NA,NA,"yes","4.2.2"
"infer","infer","/opt/conda/lib/R/library","1.0.4",NA,"R (>= 3.5.0)","dplyr (>= 0.7.0), ggplot2, glue (>= 1.3.0), grDevices,
magrittr, methods, purrr, rlang (>= 0.2.0), tibble, broom,
tidyr, generics, patchwork",NA,"covr, devtools (>= 1.12.0), fs, knitr, nycflights13,
rmarkdown, stringr, testthat, vdiffr (>= 1.0.0), parsnip",NA,"MIT + file LICENSE",NA,NA,NA,NA,"no","4.2.2"
"ini","ini","/opt/conda/lib/R/library","0.3.1",NA,NA,NA,NA,"testthat",NA,"GPL-3",NA,NA,NA,NA,"no","4.2.1"
"ipred","ipred","/opt/conda/lib/R/library","0.9-13",NA,"R (>= 2.10)","rpart (>= 3.1-8), MASS, survival, nnet, class, prodlim",NA,"mvtnorm, mlbench, TH.data, randomForest, party",NA,"GPL (>= 2)",NA,NA,NA,NA,"yes","4.2.1"
"IRanges","IRanges","/opt/conda/lib/R/library","2.32.0",NA,"R (>= 4.0.0), methods, utils, stats, BiocGenerics (>= 0.39.2),
S4Vectors (>= 0.33.3)","stats4","S4Vectors","XVector, GenomicRanges, Rsamtools, GenomicAlignments,
GenomicFeatures, BSgenome.Celegans.UCSC.ce2, pasillaBamSubset,
RUnit, BiocStyle",NA,"Artistic-2.0",NA,NA,NA,NA,"yes","4.2.2"
"IRdisplay","IRdisplay","/opt/conda/lib/R/library","1.1",NA,"R (>= 3.0.1)","methods,
repr",NA,"testthat,
withr",NA,"MIT + file LICENSE",NA,NA,NA,NA,NA,"4.2.1"
"IRkernel","IRkernel","/opt/conda/lib/R/library","1.3.1",NA,"R (>= 3.2.0)","repr (>= 0.4.99), methods, evaluate (>= 0.10), IRdisplay (>=
0.3.0.9999), pbdZMQ (>= 0.2-1), crayon, jsonlite (>= 0.9.6),
uuid, digest",NA,"testthat, roxygen2",NA,"MIT + file LICENSE",NA,NA,NA,NA,"no","4.2.1"
"isoband","isoband","/opt/conda/lib/R/library","0.2.6",NA,NA,"grid, utils",NA,"covr, ggplot2, knitr, magick, microbenchmark, rmarkdown, sf,
testthat, xml2",NA,"MIT + file LICENSE",NA,NA,NA,NA,"yes","4.2.2"
"iterators","iterators","/opt/conda/lib/R/library","1.0.14",NA,"R (>= 2.5.0), utils",NA,NA,"RUnit, foreach",NA,"Apache License (== 2.0)",NA,NA,NA,NA,"no","4.2.1"
"jquerylib","jquerylib","/opt/conda/lib/R/library","0.1.4",NA,NA,"htmltools",NA,"testthat",NA,"MIT + file LICENSE",NA,NA,NA,NA,"no","4.2.1"
"jsonlite","jsonlite","/opt/conda/lib/R/library","1.8.3",NA,"methods",NA,NA,"httr, vctrs, testthat, knitr, rmarkdown, R.rsp, sf",NA,"MIT + file LICENSE",NA,NA,NA,NA,"yes","4.2.1"
"KEGGREST","KEGGREST","/opt/conda/lib/R/library","1.38.0",NA,"R (>= 3.5.0)","methods, httr, png, Biostrings",NA,"RUnit, BiocGenerics, knitr, markdown",NA,"Artistic-2.0",NA,NA,NA,NA,"no","4.2.2"
"KernSmooth","KernSmooth","/opt/conda/lib/R/library","2.23-20","recommended","R (>= 2.5.0), stats",NA,NA,"MASS, carData",NA,"Unlimited",NA,NA,NA,NA,"yes","4.2.1"
"knitr","knitr","/opt/conda/lib/R/library","1.41",NA,"R (>= 3.3.0)","evaluate (>= 0.15), highr, methods, stringr (>= 0.6), yaml (>=
2.1.19), xfun (>= 0.34), tools",NA,"markdown (>= 1.3), formatR, testit, digest, rgl (>=
0.95.1201), codetools, rmarkdown, htmlwidgets (>= 0.7),
webshot, tikzDevice (>= 0.10), tinytex, reticulate (>= 1.4),
JuliaCall (>= 0.11.1), magick, png, jpeg, gifski, xml2 (>=
1.2.0), httr, DBI (>= 0.4-1), showtext, tibble, sass, bslib,
ragg, gridSVG, styler (>= 1.2.0), targets (>= 0.6.0)",NA,"GPL",NA,NA,NA,NA,"no","4.2.2"
"labeling","labeling","/opt/conda/lib/R/library","0.4.2",NA,NA,"stats, graphics",NA,NA,NA,"MIT + file LICENSE | Unlimited",NA,NA,NA,NA,"no","4.2.1"
"lambda.r","lambda.r","/opt/conda/lib/R/library","1.2.4",NA,"R (>= 3.0.0)","formatR",NA,"testit",NA,"LGPL-3",NA,NA,NA,NA,"no","4.2.2"
"later","later","/opt/conda/lib/R/library","1.3.0",NA,NA,"Rcpp (>= 0.12.9), rlang","Rcpp","knitr, rmarkdown, testthat (>= 2.1.0)",NA,"MIT + file LICENSE",NA,NA,NA,NA,"yes","4.2.2"
"lattice","lattice","/opt/conda/lib/R/library","0.20-45","recommended","R (>= 3.0.0)","grid, grDevices, graphics, stats, utils",NA,"KernSmooth, MASS, latticeExtra","chron","GPL (>= 2)",NA,NA,NA,NA,"yes","4.2.1"
"lava","lava","/opt/conda/lib/R/library","1.7.0",NA,"R (>= 3.0)","future.apply, grDevices, graphics, methods, numDeriv,
progressr, stats, survival, SQUAREM, utils",NA,"KernSmooth, Matrix, Rgraphviz, data.table, ellipse, fields,
geepack, gof (>= 0.9), graph, knitr, bookdown, rmarkdown,
igraph (>= 0.6), lava.tobit (>= 0.4.7), lavaSearch2, lme4, mets
(>= 1.1), nlme, optimx, polycor, quantreg, rgl, R.rsp (>=
0.40), targeted (>= 0.2), testthat (>= 0.11), visNetwork, zoo",NA,"GPL-3",NA,NA,NA,NA,"no","4.2.1"
"lazyeval","lazyeval","/opt/conda/lib/R/library","0.2.2",NA,"R (>= 3.1.0)",NA,NA,"knitr, rmarkdown (>= 0.2.65), testthat, covr",NA,"GPL-3",NA,NA,NA,NA,"yes","4.2.2"
"lhs","lhs","/opt/conda/lib/R/library","1.1.5",NA,"R (>= 3.4.0)","Rcpp","Rcpp","testthat, assertthat, DoE.base, knitr, rmarkdown",NA,"GPL-3",NA,NA,NA,NA,"yes","4.2.1"
"lifecycle","lifecycle","/opt/conda/lib/R/library","1.0.3",NA,"R (>= 3.4)","cli (>= 3.4.0), glue, rlang (>= 1.0.6)",NA,"covr, crayon, knitr, lintr, rmarkdown, testthat (>= 3.0.1),
tibble, tidyverse, tools, vctrs, withr",NA,"MIT + file LICENSE",NA,NA,NA,NA,"no","4.2.1"
"listenv","listenv","/opt/conda/lib/R/library","0.8.0",NA,"R (>= 3.1.2)",NA,NA,"R.utils, R.rsp, markdown",NA,"LGPL (>= 2.1)",NA,NA,NA,NA,"no","4.2.1"
"lmtest","lmtest","/opt/conda/lib/R/library","0.9-40",NA,"R (>= 3.0.0), stats, zoo","graphics",NA,"car, strucchange, sandwich, dynlm, stats4, survival, AER",NA,"GPL-2 | GPL-3",NA,NA,NA,NA,"yes","4.2.1"
"lubridate","lubridate","/opt/conda/lib/R/library","1.8.0",NA,"methods, R (>= 3.2)","generics","cpp11 (>= 0.2.7)","covr, knitr, testthat (>= 2.1.0), vctrs (>= 0.3.0), rmarkdown","chron, timeDate, tis, zoo","GPL (>= 2)",NA,NA,NA,NA,"yes","4.2.1"
"magrittr","magrittr","/opt/conda/lib/R/library","2.0.3",NA,"R (>= 3.4.0)",NA,NA,"covr, knitr, rlang, rmarkdown, testthat",NA,"MIT + file LICENSE",NA,NA,NA,NA,"yes","4.2.1"
"MASS","MASS","/opt/conda/lib/R/library","7.3-58.1","recommended","R (>= 3.3.0), grDevices, graphics, stats, utils","methods",NA,"lattice, nlme, nnet, survival",NA,"GPL-2 | GPL-3",NA,NA,NA,NA,"yes","4.2.1"
"Matrix","Matrix","/opt/conda/lib/R/library","1.5-3","recommended","R (>= 3.5.0), methods","graphics, grid, lattice, stats, utils",NA,"expm, MASS","MatrixModels, graph, SparseM, sfsmisc, igraph, maptools, sp,
spdep","GPL (>= 2) | file LICENCE",NA,NA,NA,NA,"yes","4.2.2"
"memoise","memoise","/opt/conda/lib/R/library","2.0.1",NA,NA,"rlang (>= 0.4.10), cachem",NA,"digest, aws.s3, covr, googleAuthR, googleCloudStorageR, httr,
testthat",NA,"MIT + file LICENSE",NA,NA,NA,NA,"no","4.2.1"
"methods","methods","/opt/conda/lib/R/library","4.2.2","base",NA,"utils, stats",NA,"codetools",NA,"Part of R 4.2.2",NA,NA,NA,NA,"yes","4.2.2"
"mgcv","mgcv","/opt/conda/lib/R/library","1.8-41","recommended","R (>= 3.6.0), nlme (>= 3.1-64)","methods, stats, graphics, Matrix, splines, utils",NA,"parallel, survival, MASS",NA,"GPL (>= 2)",NA,NA,NA,NA,"yes","4.2.1"
"mime","mime","/opt/conda/lib/R/library","0.12",NA,NA,"tools",NA,NA,NA,"GPL",NA,NA,NA,NA,"yes","4.2.1"
"miniUI","miniUI","/opt/conda/lib/R/library","0.1.1.1",NA,NA,"shiny (>= 0.13), htmltools (>= 0.3), utils",NA,NA,NA,"GPL-3",NA,NA,NA,NA,"no","4.2.1"
"modeldata","modeldata","/opt/conda/lib/R/library","1.0.1",NA,"R (>= 3.4)","dplyr, MASS, purrr, rlang, tibble",NA,"covr, testthat (>= 3.0.0)",NA,"MIT + file LICENSE",NA,NA,NA,NA,"no","4.2.1"
"modelenv","modelenv","/opt/conda/lib/R/library","0.1.0",NA,NA,"glue, rlang, tibble, vctrs",NA,"covr, testthat (>= 3.0.0)",NA,"MIT + file LICENSE",NA,NA,NA,NA,"no","4.2.2"
"ModelMetrics","ModelMetrics","/opt/conda/lib/R/library","1.2.2.2",NA,"R (>= 3.2.2)","Rcpp, data.table","Rcpp","testthat",NA,"GPL (>= 2)",NA,NA,NA,NA,"yes","4.2.1"
"modelr","modelr","/opt/conda/lib/R/library","0.1.10",NA,"R (>= 3.2)","broom, magrittr, purrr (>= 0.2.2), rlang (>= 1.0.6), tibble,
tidyr (>= 0.8.0), tidyselect, vctrs",NA,"compiler, covr, ggplot2, testthat (>= 3.0.0)",NA,"GPL-3",NA,NA,NA,NA,"no","4.2.2"
"munsell","munsell","/opt/conda/lib/R/library","0.5.0",NA,NA,"colorspace, methods",NA,"ggplot2, testthat",NA,"MIT + file LICENSE",NA,NA,NA,NA,"no","4.2.1"
"nlme","nlme","/opt/conda/lib/R/library","3.1-160","recommended","R (>= 3.5.0)","graphics, stats, utils, lattice",NA,"Hmisc, MASS, SASmixed",NA,"GPL (>= 2)",NA,NA,NA,NA,"yes","4.2.1"
"nnet","nnet","/opt/conda/lib/R/library","7.3-18","recommended","R (>= 3.0.0), stats, utils",NA,NA,"MASS",NA,"GPL-2 | GPL-3",NA,NA,NA,NA,"yes","4.2.1"
"numDeriv","numDeriv","/opt/conda/lib/R/library","2016.8-1.1",NA,"R (>= 2.11.1)",NA,NA,NA,NA,"GPL-2",NA,NA,NA,NA,"no","4.2.1"
"nycflights13","nycflights13","/opt/conda/lib/R/library","1.0.2",NA,"R (>= 3.2)","tibble",NA,"dplyr",NA,"CC0",NA,NA,NA,NA,"no","4.2.1"
"openssl","openssl","/opt/conda/lib/R/library","2.0.4",NA,NA,"askpass",NA,"curl, testthat (>= 2.1.0), digest, knitr, rmarkdown,
jsonlite, jose, sodium",NA,"MIT + file LICENSE",NA,NA,NA,NA,"yes","4.2.1"
"optparse","optparse","/opt/conda/lib/R/library","1.7.3",NA,"R (>= 3.6.0)","methods, getopt (>= 1.20.2)",NA,"knitr (>= 1.15.19), stringr, testthat",NA,"GPL (>= 2)",NA,NA,NA,NA,"no","4.2.2"
"org.Hs.eg.db","org.Hs.eg.db","/opt/conda/lib/R/library","3.16.0",NA,"R (>= 2.7.0), methods, AnnotationDbi (>= 1.59.1)",NA,NA,"DBI, annotate, RUnit",NA,"Artistic-2.0",NA,NA,NA,NA,"no","4.2.2"
"org.Mm.eg.db","org.Mm.eg.db","/opt/conda/lib/R/library","3.16.0",NA,"R (>= 2.7.0), methods, AnnotationDbi (>= 1.59.1)",NA,NA,"DBI, annotate, RUnit",NA,"Artistic-2.0",NA,NA,NA,NA,"no","4.2.2"
"parallel","parallel","/opt/conda/lib/R/library","4.2.2","base",NA,"tools, compiler",NA,"methods","snow, nws, Rmpi","Part of R 4.2.2",NA,NA,NA,NA,"yes","4.2.2"
"parallelly","parallelly","/opt/conda/lib/R/library","1.32.1",NA,NA,"parallel, tools, utils",NA,NA,NA,"LGPL (>= 2.1)",NA,NA,NA,NA,"no","4.2.1"
"parsnip","parsnip","/opt/conda/lib/R/library","1.0.3",NA,"R (>= 2.10)","cli, dplyr (>= 0.8.0.1), generics (>= 0.1.2), ggplot2,
globals, glue, hardhat (>= 1.1.0), lifecycle, magrittr, pillar,
prettyunits, purrr, rlang (>= 0.3.1), stats, tibble (>= 2.1.1),
tidyr (>= 1.0.0), utils, vctrs (>= 0.4.1), withr",NA,"C50, covr, dials (>= 1.1.0), earth, ggrepel, keras, kernlab,
kknn, knitr, LiblineaR, MASS, Matrix, mgcv, modeldata, nlme,
ranger (>= 0.12.0), remotes, rmarkdown, rpart, sparklyr (>=
1.0.0), survival, tensorflow, testthat (>= 3.0.0), xgboost (>=
1.5.0.1)",NA,"MIT + file LICENSE",NA,NA,NA,NA,"no","4.2.2"
"patchwork","patchwork","/opt/conda/lib/R/library","1.1.2",NA,NA,"ggplot2 (>= 3.0.0), gtable, grid, stats, grDevices, utils,
graphics",NA,"knitr, rmarkdown, gridGraphics, gridExtra, ragg, testthat (>=
2.1.0), vdiffr, covr, png",NA,"MIT + file LICENSE",NA,NA,NA,NA,"no","4.2.1"
"pbdZMQ","pbdZMQ","/opt/conda/lib/R/library","0.3-8",NA,"R (>= 3.5.0)",NA,NA,NA,NA,"GPL-3",NA,NA,NA,NA,"yes","4.2.1"
"pillar","pillar","/opt/conda/lib/R/library","1.8.1",NA,NA,"cli (>= 2.3.0), fansi, glue, lifecycle, rlang (>= 1.0.2), utf8
(>= 1.1.0), utils, vctrs (>= 0.3.8)",NA,"bit64, debugme, DiagrammeR, dplyr, formattable, ggplot2,
knitr, lubridate, nanotime, nycflights13, palmerpenguins,
rmarkdown, scales, stringi, survival, testthat (>= 3.1.1),
tibble, units (>= 0.7.2), vdiffr, withr",NA,"MIT + file LICENSE",NA,NA,NA,NA,"no","4.2.1"
"pkgbuild","pkgbuild","/opt/conda/lib/R/library","1.4.0",NA,"R (>= 3.4)","callr (>= 3.2.0), cli (>= 3.4.0), crayon, desc, prettyunits,
processx, R6, rprojroot, withr (>= 2.3.0)",NA,"covr, cpp11, knitr, mockery, Rcpp, rmarkdown, testthat (>=
3.0.0)",NA,"MIT + file LICENSE",NA,NA,NA,NA,"no","4.2.2"
"pkgconfig","pkgconfig","/opt/conda/lib/R/library","2.0.3",NA,NA,"utils",NA,"covr, testthat, disposables (>= 1.0.3)",NA,"MIT + file LICENSE",NA,NA,NA,NA,"no","4.2.1"
"pkgdown","pkgdown","/opt/conda/lib/R/library","2.0.6",NA,"R (>= 3.1.0)","bslib (>= 0.3.1), callr (>= 2.0.2), cli, desc, digest, downlit
(>= 0.4.0), fs (>= 1.4.0), httr (>= 1.4.2), jsonlite, magrittr,
memoise, purrr, ragg, rlang (>= 1.0.0), rmarkdown (>=
1.1.9007), tibble, whisker, withr (>= 2.4.3), xml2 (>= 1.3.1),
yaml",NA,"covr, diffviewer, evaluate, htmltools, htmlwidgets, knitr,
lifecycle, methods, openssl, pkgload (>= 1.0.2), rsconnect,
rstudioapi, rticles, sass, testthat (>= 3.1.3), tools",NA,"MIT + file LICENSE",NA,NA,NA,NA,"no","4.2.1"
"pkgload","pkgload","/opt/conda/lib/R/library","1.3.2",NA,"R (>= 3.4.0)","cli (>= 3.3.0), crayon, desc, fs, glue, methods, rlang (>=
1.0.3), rprojroot, utils, withr (>= 2.4.3)",NA,"bitops, covr, mathjaxr, mockr, pak, pkgbuild, Rcpp, remotes,
rstudioapi, testthat (>= 3.1.0)",NA,"GPL-3",NA,NA,NA,NA,"no","4.2.2"
"plogr","plogr","/opt/conda/lib/R/library","0.2.0",NA,NA,NA,NA,"Rcpp",NA,"MIT + file LICENSE",NA,NA,NA,NA,"no","4.2.1"
"plotly","plotly","/opt/conda/lib/R/library","4.10.3",NA,"R (>= 3.2.0), ggplot2 (>= 3.0.0)","tools, scales, httr (>= 1.3.0), jsonlite (>= 1.6), magrittr,
digest, viridisLite, base64enc, htmltools (>= 0.3.6),
htmlwidgets (>= 1.5.2.9001), tidyr (>= 1.0.0), RColorBrewer,
dplyr, vctrs, tibble, lazyeval (>= 0.2.0), rlang (>= 0.4.10),
crosstalk, purrr, data.table, promises",NA,"MASS, maps, hexbin, ggthemes, GGally, ggalluvial, testthat,
knitr, shiny (>= 1.1.0), shinytest (>= 1.3.0), curl, rmarkdown,
Cairo, broom, webshot, listviewer, dendextend, sf, png,
IRdisplay, processx, plotlyGeoAssets, forcats, withr,
palmerpenguins, rversions, reticulate, rsvg",NA,"MIT + file LICENSE",NA,NA,NA,NA,"no","4.2.2"
"plyr","plyr","/opt/conda/lib/R/library","1.8.8",NA,"R (>= 3.1.0)","Rcpp (>= 0.11.0)","Rcpp","abind, covr, doParallel, foreach, iterators, itertools,
tcltk, testthat",NA,"MIT + file LICENSE",NA,NA,NA,NA,"yes","4.2.2"
"png","png","/opt/conda/lib/R/library","0.1-8",NA,"R (>= 2.9.0)",NA,NA,NA,NA,"GPL-2 | GPL-3",NA,NA,NA,NA,"yes","4.2.2"
"polyclip","polyclip","/opt/conda/lib/R/library","1.10-6",NA,"R (>= 3.0.0)",NA,NA,NA,NA,"BSL",NA,NA,NA,NA,"yes","4.2.2"
"praise","praise","/opt/conda/lib/R/library","1.0.0",NA,NA,NA,NA,"testthat",NA,"MIT + file LICENSE",NA,NA,NA,NA,"no","4.2.1"
"prettyunits","prettyunits","/opt/conda/lib/R/library","1.1.1",NA,NA,NA,NA,"codetools, covr, testthat",NA,"MIT + file LICENSE",NA,NA,NA,NA,"no","4.2.1"
"pROC","pROC","/opt/conda/lib/R/library","1.18.0",NA,"R (>= 2.14)","methods, plyr, Rcpp (>= 0.11.1)","Rcpp","microbenchmark, tcltk, MASS, logcondens, doParallel,
testthat, vdiffr, ggplot2",NA,"GPL (>= 3)",NA,NA,NA,NA,"yes","4.2.1"
"processx","processx","/opt/conda/lib/R/library","3.8.0",NA,"R (>= 3.4.0)","ps (>= 1.2.0), R6, utils",NA,"callr (>= 3.7.0), cli (>= 3.3.0), codetools, covr, curl,
debugme, parallel, rlang (>= 1.0.2), testthat (>= 3.0.0), withr",NA,"MIT + file LICENSE",NA,NA,NA,NA,"yes","4.2.1"
"prodlim","prodlim","/opt/conda/lib/R/library","2019.11.13",NA,"R (>= 2.9.0)","Rcpp (>= 0.11.5), stats, grDevices, graphics, survival,
KernSmooth, lava","Rcpp",NA,NA,"GPL (>= 2)",NA,NA,NA,NA,"yes","4.2.1"
"profvis","profvis","/opt/conda/lib/R/library","0.3.7",NA,"R (>= 3.0)","htmlwidgets (>= 0.3.2), stringr",NA,"knitr, ggplot2, rmarkdown, testthat, devtools, shiny,
htmltools",NA,"GPL-3 | file LICENSE",NA,NA,NA,NA,"yes","4.2.1"
"progress","progress","/opt/conda/lib/R/library","1.2.2",NA,NA,"hms, prettyunits, R6, crayon",NA,"Rcpp, testthat, withr",NA,"MIT + file LICENSE",NA,NA,NA,NA,"no","4.2.1"
"progressr","progressr","/opt/conda/lib/R/library","0.11.0",NA,"R (>= 3.5.0)","digest, utils",NA,"graphics, tcltk, beepr, crayon, pbmcapply, progress, purrr,
foreach, plyr, doFuture, future, future.apply, furrr,
rstudioapi, shiny, commonmark, base64enc, tools",NA,"GPL (>= 3)",NA,NA,NA,NA,"no","4.2.1"
"promises","promises","/opt/conda/lib/R/library","1.2.0.1",NA,NA,"R6, Rcpp, later, rlang, stats, magrittr","later, Rcpp","testthat, future (>= 1.21.0), fastmap (>= 1.1.0), purrr,
knitr, rmarkdown, vembedr, spelling",NA,"MIT + file LICENSE",NA,NA,NA,NA,"yes","4.2.1"
"proxy","proxy","/opt/conda/lib/R/library","0.4-27",NA,"R (>= 3.4.0)","stats, utils",NA,"cba",NA,"GPL-2",NA,NA,NA,NA,"yes","4.2.1"
"ps","ps","/opt/conda/lib/R/library","1.7.2",NA,"R (>= 3.4)","utils",NA,"callr, covr, curl, pillar, pingr, processx (>= 3.1.0), R6,
rlang, testthat (>= 3.0.0),",NA,"MIT + file LICENSE",NA,NA,NA,NA,"yes","4.2.1"
"purrr","purrr","/opt/conda/lib/R/library","0.3.5",NA,"R (>= 3.2)","magrittr (>= 1.5), rlang (>= 0.3.1)",NA,"covr, crayon, dplyr (>= 0.7.8), httr, knitr, rmarkdown,
testthat, tibble, tidyselect, vctrs",NA,"GPL-3 | file LICENSE",NA,NA,NA,NA,"yes","4.2.1"
"quadprog","quadprog","/opt/conda/lib/R/library","1.5-8",NA,"R (>= 3.1.0)",NA,NA,NA,NA,"GPL (>= 2)",NA,NA,NA,NA,"yes","4.2.1"
"quantmod","quantmod","/opt/conda/lib/R/library","0.4.20",NA,"R (>= 3.2.0), xts(>= 0.9-0), zoo, TTR(>= 0.2), methods","curl",NA,"DBI,RMySQL,RSQLite,timeSeries,xml2,downloader,jsonlite(>=
1.1)",NA,"GPL-3",NA,NA,NA,NA,"no","4.2.1"
"qvalue","qvalue","/opt/conda/lib/R/library","2.30.0",NA,"R(>= 2.10)","splines, ggplot2, grid, reshape2",NA,"knitr",NA,"LGPL",NA,NA,NA,NA,"no","4.2.2"
"R6","R6","/opt/conda/lib/R/library","2.5.1",NA,"R (>= 3.0)",NA,NA,"testthat, pryr",NA,"MIT + file LICENSE",NA,NA,NA,NA,"no","4.2.1"
"ragg","ragg","/opt/conda/lib/R/library","1.2.4",NA,NA,"systemfonts (>= 1.0.3), textshaping (>= 0.3.0)","systemfonts, textshaping","covr, graphics, grid, testthat",NA,"MIT + file LICENSE",NA,NA,NA,NA,"yes","4.2.1"
"randomForest","randomForest","/opt/conda/lib/R/library","4.7-1.1",NA,"R (>= 4.1.0), stats",NA,NA,"RColorBrewer, MASS",NA,"GPL (>= 2)",NA,NA,NA,NA,"yes","4.2.1"
"rappdirs","rappdirs","/opt/conda/lib/R/library","0.3.3",NA,"R (>= 3.2)",NA,NA,"roxygen2, testthat (>= 3.0.0), covr, withr",NA,"MIT + file LICENSE",NA,NA,NA,NA,"yes","4.2.1"
"rcmdcheck","rcmdcheck","/opt/conda/lib/R/library","1.4.0",NA,NA,"callr (>= 3.1.1.9000), cli (>= 3.0.0), curl, desc (>= 1.2.0),
digest, pkgbuild, prettyunits, R6, rprojroot, sessioninfo (>=
1.1.1), utils, withr, xopen",NA,"covr, knitr, mockery, processx, ps, rmarkdown, svglite,
testthat, webfakes",NA,"MIT + file LICENSE",NA,NA,NA,NA,"no","4.2.1"
"RColorBrewer","RColorBrewer","/opt/conda/lib/R/library","1.1-3",NA,"R (>= 2.0.0)",NA,NA,NA,NA,"Apache License 2.0",NA,NA,NA,NA,"no","4.2.1"
"Rcpp","Rcpp","/opt/conda/lib/R/library","1.0.9",NA,NA,"methods, utils",NA,"tinytest, inline, rbenchmark, pkgKitten (>= 0.1.2)",NA,"GPL (>= 2)",NA,NA,NA,NA,"yes","4.2.1"
"RcppArmadillo","RcppArmadillo","/opt/conda/lib/R/library","0.11.4.2.1",NA,"R (>= 3.3.0)","Rcpp (>= 0.11.0), stats, utils, methods","Rcpp","tinytest, Matrix (>= 1.3.0), pkgKitten, reticulate, slam",NA,"GPL (>= 2)",NA,NA,NA,NA,"yes","4.2.2"
"RcppEigen","RcppEigen","/opt/conda/lib/R/library","0.3.3.9.4",NA,"R (>= 3.6.0)","Rcpp (>= 0.11.0), stats, utils","Rcpp","Matrix, inline, tinytest, pkgKitten, microbenchmark",NA,"GPL (>= 2) | file LICENSE",NA,NA,NA,NA,"yes","4.2.2"
"RCurl","RCurl","/opt/conda/lib/R/library","1.98-1.9",NA,"R (>= 3.4.0), methods","bitops",NA,"XML",NA,"BSD_3_clause + file LICENSE",NA,NA,NA,NA,"yes","4.2.1"
"readr","readr","/opt/conda/lib/R/library","2.1.3",NA,"R (>= 3.4)","cli (>= 3.2.0), clipr, crayon, hms (>= 0.4.1), lifecycle (>=
0.2.0), methods, R6, rlang, tibble, utils, vroom (>= 1.6.0)","cpp11, tzdb (>= 0.1.1)","covr, curl, datasets, knitr, rmarkdown, spelling, stringi,
testthat (>= 3.1.2), tzdb (>= 0.1.1), waldo, withr, xml2",NA,"MIT + file LICENSE",NA,NA,NA,NA,"yes","4.2.1"
"readxl","readxl","/opt/conda/lib/R/library","1.4.1",NA,"R (>= 3.4)","cellranger, tibble (>= 2.0.1), utils","cpp11 (>= 0.4.0), progress","knitr, rmarkdown, testthat (>= 3.0.0)",NA,"MIT + file LICENSE",NA,NA,NA,NA,"yes","4.2.1"
"recipes","recipes","/opt/conda/lib/R/library","1.0.3",NA,"dplyr, R (>= 3.4)","cli, clock (>= 0.6.1), ellipsis, generics (>= 0.1.2), glue,
gower, hardhat (>= 1.2.0), ipred (>= 0.9-12), lifecycle (>=
1.0.3), lubridate (>= 1.8.0), magrittr, Matrix, purrr (>=
0.2.3), rlang (>= 1.0.3), stats, tibble, tidyr (>= 1.0.0),
tidyselect (>= 1.2.0), timeDate, utils, vctrs (>= 0.5.0), withr",NA,"covr, ddalpha, dials (>= 1.0.0), ggplot2, igraph, kernlab,
knitr, modeldata (>= 0.1.1), parsnip (>= 0.1.7), RANN,
RcppRoll, rmarkdown, rpart, rsample, RSpectra, splines2,
testthat (>= 3.0.0), workflows, xml2",NA,"MIT + file LICENSE",NA,NA,NA,NA,"no","4.2.2"
"rematch","rematch","/opt/conda/lib/R/library","1.0.1",NA,NA,NA,NA,"covr, testthat",NA,"MIT + file LICENSE",NA,NA,NA,NA,"no","4.2.1"
"rematch2","rematch2","/opt/conda/lib/R/library","2.1.2",NA,NA,"tibble",NA,"covr, testthat",NA,"MIT + file LICENSE",NA,NA,NA,NA,"no","4.2.1"
"remotes","remotes","/opt/conda/lib/R/library","2.4.2",NA,"R (>= 3.0.0)","methods, stats, tools, utils",NA,"brew, callr, codetools, curl, covr, git2r (>= 0.23.0), knitr,
mockery, pkgbuild (>= 1.0.1), pingr, rmarkdown, rprojroot,
testthat, webfakes, withr",NA,"MIT + file LICENSE",NA,NA,NA,NA,"no","4.2.1"
"repr","repr","/opt/conda/lib/R/library","1.1.4",NA,"R (>= 3.0.1)","utils, grDevices, htmltools, jsonlite, pillar (>= 1.4.0),
base64enc",NA,"methods, highr, Cairo, stringr, testthat (>= 3.0.0), leaflet","data.table, tibble, htmlwidgets, vegalite, plotly, geojsonio","GPL-3",NA,NA,NA,NA,"no","4.2.1"
"reprex","reprex","/opt/conda/lib/R/library","2.0.2",NA,"R (>= 3.4)","callr (>= 3.6.0), cli (>= 3.2.0), clipr (>= 0.4.0), fs, glue,
knitr (>= 1.23), lifecycle, rlang (>= 1.0.0), rmarkdown,
rstudioapi, utils, withr (>= 2.3.0)",NA,"covr, fortunes, miniUI, mockr, rprojroot, sessioninfo, shiny,
spelling, styler (>= 1.2.0), testthat (>= 3.0.2)",NA,"MIT + file LICENSE",NA,NA,NA,NA,"no","4.2.1"
"reshape2","reshape2","/opt/conda/lib/R/library","1.4.4",NA,"R (>= 3.1)","plyr (>= 1.8.1), Rcpp, stringr","Rcpp","covr, lattice, testthat (>= 0.8.0)",NA,"MIT + file LICENSE",NA,NA,NA,NA,"yes","4.2.1"
"rlang","rlang","/opt/conda/lib/R/library","1.0.6",NA,"R (>= 3.4.0)","utils",NA,"cli (>= 3.1.0), covr, crayon, fs, glue, knitr, magrittr,
methods, pillar, rmarkdown, stats, testthat (>= 3.0.0), tibble,
usethis, vctrs (>= 0.2.3), withr","winch","MIT + file LICENSE",NA,NA,NA,NA,"yes","4.2.1"
"rmarkdown","rmarkdown","/opt/conda/lib/R/library","2.18",NA,"R (>= 3.0)","bslib (>= 0.2.5.1), evaluate (>= 0.13), htmltools (>= 0.5.1),
jquerylib, jsonlite, knitr (>= 1.22), methods, stringr (>=
1.2.0), tinytex (>= 0.31), tools, utils, xfun (>= 0.30), yaml
(>= 2.1.19)",NA,"digest, dygraphs, fs, rsconnect, downlit (>= 0.4.0), katex
(>= 1.4.0), sass (>= 0.4.0), shiny (>= 1.6.0), testthat (>=
3.0.3), tibble, tufte, vctrs, withr (>= 2.4.2)",NA,"GPL-3",NA,NA,NA,NA,"no","4.2.2"
"RODBC","RODBC","/opt/conda/lib/R/library","1.3-19",NA,"R (>= 4.0.0)","stats",NA,NA,NA,"GPL-2 | GPL-3",NA,NA,NA,NA,"yes","4.2.1"
"roxygen2","roxygen2","/opt/conda/lib/R/library","7.2.2",NA,"R (>= 3.3)","brew, cli (>= 3.3.0), commonmark, desc (>= 1.2.0), digest,
knitr, methods, pkgload (>= 1.0.2), purrr (>= 0.3.3), R6 (>=
2.1.2), rlang (>= 1.0.0), stringi, stringr (>= 1.0.0), utils,
withr, xml2","cpp11","covr, R.methodsS3, R.oo, rmarkdown (>= 2.16), testthat (>=
3.1.2), yaml",NA,"MIT + file LICENSE",NA,NA,NA,NA,"yes","4.2.2"
"rpart","rpart","/opt/conda/lib/R/library","4.1.19","recommended","R (>= 2.15.0), graphics, stats, grDevices",NA,NA,"survival",NA,"GPL-2 | GPL-3",NA,NA,NA,NA,"yes","4.2.1"
"rprojroot","rprojroot","/opt/conda/lib/R/library","2.0.3",NA,"R (>= 3.0.0)",NA,NA,"covr, knitr, lifecycle, mockr, rmarkdown, testthat (>=
3.0.0), withr",NA,"MIT + file LICENSE",NA,NA,NA,NA,"no","4.2.1"
"rsample","rsample","/opt/conda/lib/R/library","1.1.0",NA,"R (>= 3.4)","dplyr (>= 1.0.0), ellipsis, furrr, generics, glue, methods,
pillar, purrr, rlang (>= 0.4.10), slider (>= 0.1.5), tibble,
tidyr, tidyselect, vctrs (>= 0.3.0)",NA,"broom, covr, ggplot2, knitr, modeldata, recipes (>= 0.1.4),
rmarkdown, stats, testthat (>= 3.0.0), utils, whisker, withr,
xml2",NA,"MIT + file LICENSE",NA,NA,NA,NA,"no","4.2.1"
"RSQLite","RSQLite","/opt/conda/lib/R/library","2.2.19",NA,"R (>= 3.1.0)","bit64, blob (>= 1.2.0), DBI (>= 1.1.0), memoise, methods,
pkgconfig, Rcpp (>= 1.0.7)","plogr (>= 0.2.0), Rcpp","callr, DBItest (>= 1.7.2.9001), gert, gh, hms, knitr,
magrittr, rmarkdown, rvest, testthat (>= 3.0.0), withr, xml2",NA,"LGPL (>= 2.1)",NA,NA,NA,NA,"yes","4.2.2"
"rstudioapi","rstudioapi","/opt/conda/lib/R/library","0.14",NA,NA,NA,NA,"testthat, knitr, rmarkdown, clipr, covr",NA,"MIT + file LICENSE",NA,NA,NA,NA,"no","4.2.1"
"rversions","rversions","/opt/conda/lib/R/library","2.1.2",NA,NA,"curl, utils, xml2 (>= 1.0.0)",NA,"covr, mockery, testthat",NA,"MIT + file LICENSE",NA,NA,NA,NA,"no","4.2.1"
"rvest","rvest","/opt/conda/lib/R/library","1.0.3",NA,"R (>= 3.2)","glue, cli, httr (>= 0.5), lifecycle (>= 1.0.0), magrittr,
rlang (>= 1.0.0), selectr, tibble, xml2 (>= 1.3), withr",NA,"covr, knitr, readr, repurrrsive, rmarkdown, spelling, stringi
(>= 0.3.1), testthat (>= 3.0.2), webfakes",NA,"MIT + file LICENSE",NA,NA,NA,NA,"no","4.2.1"
"S4Vectors","S4Vectors","/opt/conda/lib/R/library","0.36.2",NA,"R (>= 4.0.0), methods, utils, stats, stats4, BiocGenerics (>=
0.37.0)",NA,NA,"IRanges, GenomicRanges, SummarizedExperiment, Matrix,
DelayedArray, ShortRead, graph, data.table, RUnit, BiocStyle",NA,"Artistic-2.0",NA,NA,NA,NA,"yes","4.2.2"
"sass","sass","/opt/conda/lib/R/library","0.4.4",NA,NA,"fs, rlang (>= 0.4.10), htmltools (>= 0.5.1), R6, rappdirs",NA,"testthat, knitr, rmarkdown, withr, shiny, curl",NA,"MIT + file LICENSE",NA,NA,NA,NA,"yes","4.2.2"
"scales","scales","/opt/conda/lib/R/library","1.2.1",NA,"R (>= 3.2)","farver (>= 2.0.3), labeling, lifecycle, munsell (>= 0.5), R6,
RColorBrewer, rlang (>= 1.0.0), viridisLite",NA,"bit64, covr, dichromat, ggplot2, hms (>= 0.5.0), stringi,
testthat (>= 3.0.0), waldo (>= 0.4.0)",NA,"MIT + file LICENSE",NA,NA,NA,NA,"no","4.2.1"
"scatterpie","scatterpie","/opt/conda/lib/R/library","0.2.1",NA,"R (>= 4.1.0), ggplot2","ggforce, rlang, ggfun, stats, tidyr, dplyr, utils",NA,"knitr, rmarkdown, prettydoc, maps, scales",NA,"Artistic-2.0",NA,NA,NA,NA,"no","4.2.2"
"selectr","selectr","/opt/conda/lib/R/library","0.4-2",NA,"R (>= 3.0)","methods, stringr, R6",NA,"testthat, XML, xml2",NA,"BSD_3_clause + file LICENCE",NA,NA,NA,NA,"no","4.2.1"
"sessioninfo","sessioninfo","/opt/conda/lib/R/library","1.2.2",NA,"R (>= 2.10)","cli (>= 3.1.0), tools, utils",NA,"callr, covr, mockery, reticulate, rmarkdown, testthat, withr",NA,"GPL-2",NA,NA,NA,NA,"no","4.2.1"
"shadowtext","shadowtext","/opt/conda/lib/R/library","0.1.2",NA,"R (>= 3.4.0)","ggplot2, grid, scales",NA,"knitr, rmarkdown, prettydoc",NA,"Artistic-2.0",NA,NA,NA,NA,"no","4.2.2"
"shiny","shiny","/opt/conda/lib/R/library","1.7.3",NA,"R (>= 3.0.2), methods","utils, grDevices, httpuv (>= 1.5.2), mime (>= 0.3), jsonlite
(>= 0.9.16), xtable, fontawesome (>= 0.4.0), htmltools (>=
0.5.2), R6 (>= 2.0), sourcetools, later (>= 1.0.0), promises
(>= 1.1.0), tools, crayon, rlang (>= 0.4.10), fastmap (>=
1.1.0), withr, commonmark (>= 1.7), glue (>= 1.3.2), bslib (>=
0.3.0), cachem, ellipsis, lifecycle (>= 0.2.0)",NA,"datasets, Cairo (>= 1.5-5), testthat (>= 3.0.0), knitr (>=
1.6), markdown, rmarkdown, ggplot2, reactlog (>= 1.0.0),
magrittr, yaml, future, dygraphs, ragg, showtext, sass",NA,"GPL-3 | file LICENSE",NA,NA,NA,NA,"no","4.2.1"
"slider","slider","/opt/conda/lib/R/library","0.3.0",NA,"R (>= 3.4.0)","cli (>= 3.4.1), rlang (>= 1.0.6), vctrs (>= 0.5.0), warp","vctrs (>= 0.5.0)","covr, dplyr (>= 1.0.0), knitr, lubridate, rmarkdown, testthat
(>= 3.0.0)",NA,"MIT + file LICENSE",NA,NA,NA,NA,"yes","4.2.2"
"snow","snow","/opt/conda/lib/R/library","0.4-4",NA,"R (>= 2.13.1), utils",NA,NA,"rlecuyer","Rmpi","GPL",NA,NA,NA,NA,"no","4.2.2"
"sourcetools","sourcetools","/opt/conda/lib/R/library","0.1.7",NA,"R (>= 3.0.2)",NA,NA,"testthat",NA,"MIT + file LICENSE",NA,NA,NA,NA,"yes","4.2.1"
"splines","splines","/opt/conda/lib/R/library","4.2.2","base",NA,"graphics, stats",NA,"Matrix, methods",NA,"Part of R 4.2.2",NA,NA,NA,NA,"yes","4.2.2"
"SQUAREM","SQUAREM","/opt/conda/lib/R/library","2021.1",NA,"R (>= 3.0)",NA,NA,"setRNG",NA,"GPL (>= 2)",NA,NA,NA,NA,"no","4.2.1"
"stats","stats","/opt/conda/lib/R/library","4.2.2","base",NA,"utils, grDevices, graphics",NA,"MASS, Matrix, SuppDists, methods, stats4",NA,"Part of R 4.2.2",NA,NA,NA,NA,"yes","4.2.2"
"stats4","stats4","/opt/conda/lib/R/library","4.2.2","base",NA,"graphics, methods, stats",NA,NA,NA,"Part of R 4.2.2",NA,NA,NA,NA,NA,"4.2.2"
"stringi","stringi","/opt/conda/lib/R/library","1.7.8",NA,"R (>= 3.1)","tools, utils, stats",NA,NA,NA,"file LICENSE",NA,NA,NA,NA,"yes","4.2.1"
"stringr","stringr","/opt/conda/lib/R/library","1.5.0",NA,"R (>= 3.3)","cli, glue (>= 1.6.1), lifecycle (>= 1.0.3), magrittr, rlang
(>= 1.0.0), stringi (>= 1.5.3), vctrs",NA,"covr, htmltools, htmlwidgets, knitr, rmarkdown, testthat (>=
3.0.0)",NA,"MIT + file LICENSE",NA,NA,NA,NA,"no","4.2.2"
"survival","survival","/opt/conda/lib/R/library","3.4-0","recommended","R (>= 3.5.0)","graphics, Matrix, methods, splines, stats, utils",NA,NA,NA,"LGPL (>= 2)",NA,NA,NA,NA,"yes","4.2.1"
"sys","sys","/opt/conda/lib/R/library","3.4.1",NA,NA,NA,NA,"unix (>= 1.4), spelling, testthat",NA,"MIT + file LICENSE",NA,NA,NA,NA,"yes","4.2.1"
"systemfonts","systemfonts","/opt/conda/lib/R/library","1.0.4",NA,"R (>= 3.2.0)",NA,"cpp11 (>= 0.2.1)","testthat (>= 2.1.0), covr, knitr, rmarkdown, tools",NA,"MIT + file LICENSE",NA,NA,NA,NA,"yes","4.2.1"
"tcltk","tcltk","/opt/conda/lib/R/library","4.2.2","base",NA,"utils",NA,NA,NA,"Part of R 4.2.2",NA,NA,NA,NA,"yes","4.2.2"
"testthat","testthat","/opt/conda/lib/R/library","3.1.5",NA,"R (>= 3.1)","brio, callr (>= 3.5.1), cli (>= 3.4.0), desc, digest, ellipsis
(>= 0.2.0), evaluate, jsonlite, lifecycle, magrittr, methods,
pkgload, praise, processx, ps (>= 1.3.4), R6 (>= 2.2.0), rlang
(>= 1.0.1), utils, waldo (>= 0.4.0), withr (>= 2.4.3)",NA,"covr, curl (>= 0.9.5), diffviewer (>= 0.1.0), knitr, mockery,
rmarkdown, rstudioapi, shiny, usethis, vctrs (>= 0.1.0), xml2",NA,"MIT + file LICENSE",NA,NA,NA,NA,"yes","4.2.1"
"textshaping","textshaping","/opt/conda/lib/R/library","0.3.6",NA,"R (>= 3.2.0)","systemfonts (>= 1.0.0)","cpp11 (>= 0.2.1), systemfonts (>= 1.0.0)","covr, knitr, rmarkdown",NA,"MIT + file LICENSE",NA,NA,NA,NA,"yes","4.2.1"
"tibble","tibble","/opt/conda/lib/R/library","3.1.8",NA,"R (>= 3.1.0)","fansi (>= 0.4.0), lifecycle (>= 1.0.0), magrittr, methods,
pillar (>= 1.7.0), pkgconfig, rlang (>= 1.0.2), utils, vctrs
(>= 0.3.8)",NA,"bench, bit64, blob, brio, callr, cli, covr, crayon (>=
1.3.4), DiagrammeR, dplyr, evaluate, formattable, ggplot2, hms,
htmltools, knitr, lubridate, mockr, nycflights13, pkgbuild,
pkgload, purrr, rmarkdown, stringi, testthat (>= 3.0.2), tidyr,
withr",NA,"MIT + file LICENSE",NA,NA,NA,NA,"yes","4.2.1"
"tidygraph","tidygraph","/opt/conda/lib/R/library","1.2.3",NA,NA,"tibble, dplyr (>= 0.8.5), igraph (>= 1.3.0), magrittr, utils,
rlang, R6, tools, stats, tidyr, pillar, cli","cpp11","network, data.tree, ape, graph, methods, testthat, covr,
seriation, netrankr, influenceR, NetSwan",NA,"MIT + file LICENSE",NA,NA,NA,NA,"yes","4.2.2"
"tidymodels","tidymodels","/opt/conda/lib/R/library","1.0.0",NA,"R (>= 3.4)","broom (>= 1.0.0), cli (>= 3.3.0), conflicted (>= 1.1.0), dials
(>= 1.0.0), dplyr (>= 1.0.9), ggplot2 (>= 3.3.6), hardhat (>=
1.2.0), infer (>= 1.0.2), modeldata (>= 1.0.0), parsnip (>=
1.0.0), purrr (>= 0.3.4), recipes (>= 1.0.1), rlang (>= 1.0.3),
rsample (>= 1.0.0), rstudioapi (>= 0.13), tibble (>= 3.1.7),
tidyr (>= 1.2.0), tune (>= 1.0.0), workflows (>= 1.0.0),
workflowsets (>= 1.0.0), yardstick (>= 1.0.0)",NA,"covr, glue, knitr, rmarkdown, testthat (>= 3.0.0), xml2",NA,"MIT + file LICENSE",NA,NA,NA,NA,"no","4.2.1"
"tidyr","tidyr","/opt/conda/lib/R/library","1.2.1",NA,"R (>= 3.1)","dplyr (>= 1.0.0), ellipsis (>= 0.1.0), glue, lifecycle,
magrittr, purrr, rlang, tibble (>= 2.1.1), tidyselect (>=
1.1.0), utils, vctrs (>= 0.3.7)","cpp11 (>= 0.4.0)","covr, data.table, jsonlite, knitr, readr, repurrrsive (>=
1.0.0), rmarkdown, testthat (>= 3.0.0)",NA,"MIT + file LICENSE",NA,NA,NA,NA,"yes","4.2.1"
"tidyselect","tidyselect","/opt/conda/lib/R/library","1.2.0",NA,"R (>= 3.4)","cli (>= 3.3.0), glue (>= 1.3.0), lifecycle (>= 1.0.3), rlang
(>= 1.0.4), vctrs (>= 0.4.1), withr",NA,"covr, crayon, dplyr, knitr, magrittr, rmarkdown, stringr,
testthat (>= 3.1.1), tibble (>= 2.1.3)",NA,"MIT + file LICENSE",NA,NA,NA,NA,"no","4.2.1"
"tidytree","tidytree","/opt/conda/lib/R/library","0.4.5",NA,"R (>= 3.4.0)","ape, dplyr, lazyeval, magrittr, methods, rlang, tibble, tidyr,
tidyselect, yulab.utils (>= 0.0.4), pillar, cli",NA,"knitr, rmarkdown, prettydoc, testthat, utils",NA,"Artistic-2.0",NA,NA,NA,NA,"no","4.2.2"
"tidyverse","tidyverse","/opt/conda/lib/R/library","1.3.2",NA,"R (>= 3.3)","broom (>= 0.7.10), cli (>= 3.1.0), crayon (>= 1.4.2), dbplyr
(>= 2.1.1), dplyr (>= 1.0.7), dtplyr (>= 1.2.0), forcats (>=
0.5.1), ggplot2 (>= 3.3.5), googledrive (>= 2.0.0),
googlesheets4 (>= 1.0.0), haven (>= 2.4.3), hms (>= 1.1.1),
httr (>= 1.4.2), jsonlite (>= 1.7.2), lubridate (>= 1.8.0),
magrittr (>= 2.0.1), modelr (>= 0.1.8), pillar (>= 1.6.4),
purrr (>= 0.3.4), readr (>= 2.1.1), readxl (>= 1.3.1), reprex
(>= 2.0.1), rlang (>= 0.4.12), rstudioapi (>= 0.13), rvest (>=
1.0.2), stringr (>= 1.4.0), tibble (>= 3.1.6), tidyr (>=
1.1.4), xml2 (>= 1.3.3)",NA,"covr, feather, glue, knitr, rmarkdown, testthat",NA,"MIT + file LICENSE",NA,NA,NA,NA,"no","4.2.1"
"timeDate","timeDate","/opt/conda/lib/R/library","4021.106",NA,"R (>= 3.6.0)","graphics, utils, stats, methods",NA,"date, RUnit",NA,"GPL (>= 2)",NA,NA,NA,NA,"no","4.2.1"
"tinytex","tinytex","/opt/conda/lib/R/library","0.42",NA,NA,"xfun (>= 0.29)",NA,"testit, rstudioapi",NA,"MIT + file LICENSE",NA,NA,NA,NA,"no","4.2.1"
"tools","tools","/opt/conda/lib/R/library","4.2.2","base",NA,NA,NA,"codetools, methods, xml2, curl, commonmark, knitr, xfun,
mathjaxr",NA,"Part of R 4.2.2",NA,NA,NA,NA,"yes","4.2.2"
"treeio","treeio","/opt/conda/lib/R/library","1.22.0",NA,"R (>= 3.6.0)","ape, dplyr, jsonlite, magrittr, methods, rlang, tibble,
tidytree (>= 0.3.9), utils",NA,"Biostrings, ggplot2, ggtree, igraph, knitr, rmarkdown,
phangorn, prettydoc, testthat, tidyr, vroom, xml2, yaml, purrr",NA,"Artistic-2.0",NA,NA,NA,NA,"no","4.2.2"
"tseries","tseries","/opt/conda/lib/R/library","0.10-52",NA,"R (>= 2.10.0)","graphics, stats, utils, quadprog, zoo, quantmod (>= 0.4-9)",NA,NA,NA,"GPL-2",NA,NA,NA,NA,"yes","4.2.1"
"TTR","TTR","/opt/conda/lib/R/library","0.24.3",NA,NA,"xts (>= 0.10-0), zoo, curl","xts","RUnit","quantmod","GPL (>= 2)",NA,NA,NA,NA,"yes","4.2.1"
"tune","tune","/opt/conda/lib/R/library","1.0.1",NA,"R (>= 3.4)","cli (>= 3.3.0), dials (>= 1.0.0), dplyr (>= 1.0.8), foreach,
generics (>= 0.1.2), ggplot2, glue (>= 1.6.2), GPfit, hardhat
(>= 1.2.0), lifecycle (>= 1.0.0), parsnip (>= 1.0.2), purrr (>=
0.3.2), recipes (>= 1.0.0), rlang (>= 1.0.2), rsample (>=
1.0.0), tibble (>= 3.1.0), tidyr (>= 1.2.0), tidyselect (>=
1.1.2), vctrs (>= 0.4.1), withr, workflows (>= 1.0.0),
yardstick (>= 1.0.0)",NA,"covr, kernlab, knitr, modeldata, spelling, testthat (>=
3.0.0), xml2",NA,"MIT + file LICENSE",NA,NA,NA,NA,"no","4.2.1"
"tweenr","tweenr","/opt/conda/lib/R/library","2.0.2",NA,"R (>= 3.2.0)","farver, magrittr, rlang, vctrs","cpp11 (>= 0.4.2)","testthat, covr",NA,"MIT + file LICENSE",NA,NA,NA,NA,"yes","4.2.2"
"tzdb","tzdb","/opt/conda/lib/R/library","0.3.0",NA,"R (>= 3.4.0)",NA,"cpp11 (>= 0.4.2)","covr, testthat (>= 3.0.0)",NA,"MIT + file LICENSE",NA,NA,NA,NA,"yes","4.2.1"
"urca","urca","/opt/conda/lib/R/library","1.3-3",NA,"R (>= 2.0.0), methods","nlme, graphics, stats",NA,NA,NA,"GPL (>= 2)",NA,NA,NA,NA,"yes","4.2.1"
"urlchecker","urlchecker","/opt/conda/lib/R/library","1.0.1",NA,"R (>= 3.3)","cli, curl, tools, xml2",NA,"covr",NA,"GPL-3",NA,NA,NA,NA,"no","4.2.1"
"usethis","usethis","/opt/conda/lib/R/library","2.1.6",NA,"R (>= 3.4)","cli (>= 3.0.1), clipr (>= 0.3.0), crayon, curl (>= 2.7), desc
(>= 1.4.0), fs (>= 1.3.0), gert (>= 1.4.1), gh (>= 1.2.1), glue
(>= 1.3.0), jsonlite, lifecycle (>= 1.0.0), purrr, rappdirs,
rlang (>= 1.0.0), rprojroot (>= 1.2), rstudioapi, stats, utils,
whisker, withr (>= 2.3.0), yaml",NA,"covr, knitr, magick, mockr, pkgload, rmarkdown, roxygen2 (>=
7.1.2), spelling (>= 1.2), styler (>= 1.2.0), testthat (>=
3.1.0)",NA,"MIT + file LICENSE",NA,NA,NA,NA,"no","4.2.1"
"utf8","utf8","/opt/conda/lib/R/library","1.2.2",NA,"R (>= 2.10)",NA,NA,"cli, covr, knitr, rlang, rmarkdown, testthat (>= 3.0.0),
withr",NA,"Apache License (== 2.0) | file LICENSE",NA,NA,NA,NA,"yes","4.2.1"
"utils","utils","/opt/conda/lib/R/library","4.2.2","base",NA,NA,NA,"methods, xml2, commonmark, knitr",NA,"Part of R 4.2.2",NA,NA,NA,NA,"yes","4.2.2"
"uuid","uuid","/opt/conda/lib/R/library","1.1-0",NA,"R (>= 2.9.0)",NA,NA,NA,NA,"MIT + file LICENSE",NA,NA,NA,NA,"yes","4.2.1"
"vctrs","vctrs","/opt/conda/lib/R/library","0.5.1",NA,"R (>= 3.3)","cli (>= 3.4.0), glue, lifecycle (>= 1.0.3), rlang (>= 1.0.6)",NA,"bit64, covr, crayon, dplyr (>= 0.8.5), generics, knitr,
pillar (>= 1.4.4), pkgdown (>= 2.0.1), rmarkdown, testthat (>=
3.0.0), tibble (>= 3.1.3), withr, xml2, waldo (>= 0.2.0),
zeallot",NA,"MIT + file LICENSE",NA,NA,NA,NA,"yes","4.2.2"
"viridis","viridis","/opt/conda/lib/R/library","0.6.4",NA,"R (>= 2.10), viridisLite (>= 0.4.0)","ggplot2 (>= 1.0.1), gridExtra",NA,"hexbin (>= 1.27.0), scales, MASS, knitr, dichromat,
colorspace, httr, mapproj, vdiffr, svglite (>= 1.2.0),
testthat, covr, rmarkdown, maps, terra",NA,"MIT + file LICENSE",NA,NA,NA,NA,"no","4.2.2"
"viridisLite","viridisLite","/opt/conda/lib/R/library","0.4.1",NA,"R (>= 2.10)",NA,NA,"hexbin (>= 1.27.0), ggplot2 (>= 1.0.1), testthat, covr",NA,"MIT + file LICENSE",NA,NA,NA,NA,"no","4.2.1"
"vroom","vroom","/opt/conda/lib/R/library","1.6.0",NA,"R (>= 3.4)","bit64, cli (>= 3.2.0), crayon, glue, hms, lifecycle, methods,
rlang (>= 0.4.2), stats, tibble (>= 2.0.0), tidyselect, tzdb
(>= 0.1.1), vctrs (>= 0.2.0), withr","cpp11 (>= 0.2.0), progress (>= 1.2.1), tzdb (>= 0.1.1)","archive, bench (>= 1.1.0), covr, curl, dplyr, forcats, fs,
ggplot2, knitr, patchwork, prettyunits, purrr, rmarkdown,
rstudioapi, scales, spelling, testthat (>= 2.1.0), tidyr,
utils, waldo, xml2",NA,"MIT + file LICENSE",NA,NA,NA,NA,"yes","4.2.1"
"waldo","waldo","/opt/conda/lib/R/library","0.4.0",NA,NA,"cli, diffobj (>= 0.3.4), fansi, glue, methods, rematch2, rlang
(>= 1.0.0), tibble",NA,"covr, R6, testthat (>= 3.0.0), withr, xml2",NA,"MIT + file LICENSE",NA,NA,NA,NA,"no","4.2.1"
"warp","warp","/opt/conda/lib/R/library","0.2.0",NA,"R (>= 3.2)",NA,NA,"covr, testthat (>= 2.1.0), knitr, rmarkdown",NA,"MIT + file LICENSE",NA,NA,NA,NA,"yes","4.2.1"
"whisker","whisker","/opt/conda/lib/R/library","0.4",NA,NA,NA,NA,"markdown",NA,"GPL-3",NA,NA,NA,NA,"no","4.2.1"
"withr","withr","/opt/conda/lib/R/library","2.5.0",NA,"R (>= 3.2.0)","graphics, grDevices, stats",NA,"callr, covr, DBI, knitr, lattice, methods, rlang, rmarkdown
(>= 2.12), RSQLite, testthat (>= 3.0.0)",NA,"MIT + file LICENSE",NA,NA,NA,NA,"no","4.2.1"
"workflows","workflows","/opt/conda/lib/R/library","1.1.2",NA,"R (>= 3.4)","cli (>= 3.3.0), generics (>= 0.1.2), glue (>= 1.6.2), hardhat
(>= 1.2.0), lifecycle (>= 1.0.3), modelenv (>= 0.1.0), parsnip
(>= 1.0.3), rlang (>= 1.0.3), tidyselect (>= 1.2.0), vctrs (>=
0.4.1)",NA,"butcher (>= 0.2.0), covr, dials (>= 1.0.0), knitr, magrittr,
modeldata (>= 1.0.0), recipes (>= 1.0.0), rmarkdown, testthat
(>= 3.0.0)",NA,"MIT + file LICENSE",NA,NA,NA,NA,"no","4.2.2"
"workflowsets","workflowsets","/opt/conda/lib/R/library","1.0.0",NA,"R (>= 3.4)","cli, dplyr (>= 1.0.0), generics (>= 0.1.2), ggplot2, glue,
hardhat (>= 1.2.0), lifecycle (>= 1.0.0), parsnip (>= 1.0.0),
pillar (>= 1.7.0), prettyunits, purrr, rlang, rsample (>=
0.0.9), stats, tibble (>= 3.1.0), tidyr, tune (>= 1.0.0),
vctrs, withr, workflows (>= 1.0.0)",NA,"covr, dials (>= 0.1.0), kknn, knitr, modeldata, recipes (>=
1.0.0), rmarkdown, spelling, testthat (>= 3.0.0), yardstick (>=
1.0.0)",NA,"MIT + file LICENSE",NA,NA,NA,NA,"no","4.2.1"
"xfun","xfun","/opt/conda/lib/R/library","0.35",NA,NA,"stats, tools",NA,"testit, parallel, codetools, rstudioapi, tinytex (>= 0.30),
mime, markdown, knitr, htmltools, remotes, pak, rhub, renv,
curl, jsonlite, magick, rmarkdown",NA,"MIT + file LICENSE",NA,NA,NA,NA,"yes","4.2.2"
"xml2","xml2","/opt/conda/lib/R/library","1.3.3",NA,"R (>= 3.1.0)","methods",NA,"covr, curl, httr, knitr, magrittr, mockery, rmarkdown,
testthat (>= 2.1.0)",NA,"MIT + file LICENSE",NA,NA,NA,NA,"yes","4.2.1"
"xopen","xopen","/opt/conda/lib/R/library","1.0.0",NA,"R (>= 3.1)","processx",NA,"ps, testthat",NA,"MIT + file LICENSE",NA,NA,NA,NA,"no","4.2.1"
"xtable","xtable","/opt/conda/lib/R/library","1.8-4",NA,"R (>= 2.10.0)","stats, utils",NA,"knitr, plm, zoo, survival",NA,"GPL (>= 2)",NA,NA,NA,NA,"no","4.2.1"
"xts","xts","/opt/conda/lib/R/library","0.12.2",NA,"zoo (>= 1.7-12)","methods","zoo","timeSeries, timeDate, tseries, chron, tis, RUnit",NA,"GPL (>= 2)",NA,NA,NA,NA,"yes","4.2.1"
"XVector","XVector","/opt/conda/lib/R/library","0.38.0",NA,"R (>= 4.0.0), methods, BiocGenerics (>= 0.37.0), S4Vectors (>=
0.27.12), IRanges (>= 2.23.9)","methods, utils, tools, zlibbioc, BiocGenerics, S4Vectors,
IRanges","S4Vectors, IRanges","Biostrings, drosophila2probe, RUnit",NA,"Artistic-2.0",NA,NA,NA,NA,"yes","4.2.2"
"yaml","yaml","/opt/conda/lib/R/library","2.3.6",NA,NA,NA,NA,"RUnit",NA,"BSD_3_clause + file LICENSE",NA,NA,NA,NA,"yes","4.2.1"
"yardstick","yardstick","/opt/conda/lib/R/library","1.1.0",NA,"R (>= 3.4.0)","dplyr (>= 1.0.9), generics (>= 0.1.2), hardhat (>= 1.0.0),
rlang (>= 1.0.2), tidyselect (>= 1.1.2), utils, vctrs (>=
0.4.1)",NA,"covr, crayon, ggplot2, knitr, probably (>= 0.0.6), rmarkdown,
testthat (>= 3.0.0), tidyr",NA,"MIT + file LICENSE",NA,NA,NA,NA,"yes","4.2.1"
"yulab.utils","yulab.utils","/opt/conda/lib/R/library","0.1.0",NA,NA,"cli, digest, fs, memoise, rlang, stats, tools, utils",NA,NA,NA,"Artistic-2.0",NA,NA,NA,NA,"no","4.2.2"
"zip","zip","/opt/conda/lib/R/library","2.2.2",NA,NA,NA,NA,"covr, processx, R6, testthat, withr",NA,"MIT + file LICENSE",NA,NA,NA,NA,"yes","4.2.1"
"zlibbioc","zlibbioc","/opt/conda/lib/R/library","1.44.0",NA,NA,NA,NA,NA,NA,"Artistic-2.0 + file LICENSE",NA,NA,NA,NA,"yes","4.2.2"
"zoo","zoo","/opt/conda/lib/R/library","1.8-11",NA,"R (>= 3.1.0), stats","utils, graphics, grDevices, lattice (>= 0.20-27)",NA,"AER, coda, chron, ggplot2 (>= 3.0.0), mondate, scales,
stinepack, strucchange, timeDate, timeSeries, tis, tseries, xts",NA,"GPL-2 | GPL-3",NA,NA,NA,NA,"yes","4.2.1"
